Entity,Code,Year,deaths_temperature,deaths_wildfire,deaths_storm,deaths_landslide,deaths_mass_movement,deaths_volcanic,deaths_earthquake,deaths_flood,deaths_drought
Afghanistan,AFG,1950,0,0,0,0,0,0,210,5.1,0
Afghanistan,AFG,1960,0,0,0,0,0,0,0,10.7,0
Afghanistan,AFG,1970,0,0,0,10,0,0,6.1,32.1,0
Afghanistan,AFG,1980,0,0,0,7,0,0,51.3,0,0
Afghanistan,AFG,1990,22.4,0,1,73.9,0,0,742.6,199,0
Afghanistan,AFG,2000,166.5,0,33.1,4.3,0,0,123.6,117.5,3.7
Afghanistan,AFG,2010,4.5,0,15.1,84.8,0,0,21.7,137,0
Africa,,1900,0,0,0,0,0,1.7,10,0,1100
Africa,,1910,0,0,0,0,0,0,1.2,0,8500
Africa,,1920,0,0,0,0,0,0,1.2,300,2400
Africa,,1930,0,0,0,0,0,0,2.2,0,0
Africa,,1940,0,0,16.5,0,0,0,27.6,0,5000
Africa,,1950,0,0,64.2,0,0,0,128.3,23.7,0
Africa,,1960,0,0,15.2,30.8,0,0,1257.7,134.3,205
Africa,,1970,0,0.2,41.5,0,0,21.2,0,132.8,11900
Africa,,1980,0,0.4,108,1.1,7.7,178.3,297,165,55495.4
Africa,,1990,10.2,10.6,113,17.8,4.7,0,79.9,731.7,23.9
Africa,,2000,12.5,15.4,127.3,20.2,9.8,20.6,333.5,794.8,88.8
Africa,,2010,14.5,7.1,291.6,242.5,0,0,3.1,724.5,2000
Albania,ALB,1900,0,0,0,0,0,0,12,0,0
Albania,ALB,1910,0,0,0,0,0,0,0,0,0
Albania,ALB,1920,0,0,0,0,0,0,20,0,0
Albania,ALB,1930,0,0,0,0,0,0,15,0,0
Albania,ALB,1940,0,0,0,0,0,0,4.3,0,0
Albania,ALB,1950,0,0,0,0,0,0,0,0,0
Albania,ALB,1960,0,0,0,0,0,0,2.6,0,0
Albania,ALB,1970,0,0,0,0,0,0,3.5,0,0
Albania,ALB,1980,6.8,0,0,5.7,0,0,0.1,0,0
Albania,ALB,1990,0,0,0,0,0,0,0,1.5,0
Albania,ALB,2000,0.3,0,0.8,0,0,0,0,0.4,0
Albania,ALB,2010,1.1,0,0,0,0,0,5.1,0.4,0
Algeria,DZA,1910,0,0,0,0,0,0,1.2,0,0
Algeria,DZA,1920,0,0,0,0,0,0,0,300,0
Algeria,DZA,1930,0,0,0,0,0,0,0,0,0
Algeria,DZA,1940,0,0,0,0,0,0,27.6,0,0
Algeria,DZA,1950,0,0,0,0,0,0,125,2.5,0
Algeria,DZA,1960,0,0,0,0,0,0,6.9,15.3,0
Algeria,DZA,1970,0,0,0,0,0,0,0,3.2,0
Algeria,DZA,1980,0,0,0,0,0,0,268.6,16,0
Algeria,DZA,1990,0,2.2,0,1.5,0,0,19.3,10.3,0
Algeria,DZA,2000,4,0.8,2.7,0,0,0,227.9,131.2,0
Algeria,DZA,2010,0.8,0,0,0,0,0,0.6,9.7,0
American Samoa,ASM,1960,0,0,9,0,0,0,0,0,0
American Samoa,ASM,1970,0,0,0,0,0,0,0,0,0
American Samoa,ASM,1980,0,0,0,0,0,0,0,0,0
American Samoa,ASM,1990,0,0,0,0,0,0,0,0,0
American Samoa,ASM,2000,0,0,0,0,0,0,3.4,0.6,0
Angola,AGO,1980,0,0,0,0,0,0,0,0,0
Angola,AGO,1990,0,0,0,0,0,0,0,0,0
Angola,AGO,2000,0,0,0,1.3,0,0,0,32.8,5.8
Angola,AGO,2010,0,0,0,0,0,0,0,44.2,0
Anguilla,AIA,1910,0,0,0,0,0,0,0,0,0
Anguilla,AIA,1920,0,0,0,0,0,0,0,0,0
Anguilla,AIA,1930,0,0,0,0,0,0,0,0,0
Anguilla,AIA,1940,0,0,0,0,0,0,0,0,0
Anguilla,AIA,1950,0,0,0,0,0,0,0,0,0
Anguilla,AIA,1960,0,0,0.5,0,0,0,0,0,0
Anguilla,AIA,1970,0,0,0,0,0,0,0,0,0
Anguilla,AIA,1980,0,0,0,0,0,0,0,0,0
Anguilla,AIA,1990,0,0,0,0,0,0,0,0,0
Anguilla,AIA,2000,0,0,0,0,0,0,0,0,0
Anguilla,AIA,2010,0,0,0.4,0,0,0,0,0,0
Antigua and Barbuda,ATG,1950,0,0,0.2,0,0,0,0,0,0
Antigua and Barbuda,ATG,1960,0,0,0.2,0,0,0,0,0,0
Antigua and Barbuda,ATG,1970,0,0,0,0,0,0,0,0,0
Antigua and Barbuda,ATG,1980,0,0,0.2,0,0,0,0,0,0
Antigua and Barbuda,ATG,1990,0,0,0.6,0,0,0,0,0,0
Antigua and Barbuda,ATG,2000,0,0,0,0,0,0,0,0,0
Antigua and Barbuda,ATG,2010,0,0,0.1,0,0,0,0,0,0
Argentina,ARG,1920,0,0,0,0,0,0,40,0,0
Argentina,ARG,1930,0,0,0,0,0,0,0,0,0
Argentina,ARG,1940,0,0,0,0,0,0,1000,0,0
Argentina,ARG,1950,0,0,0,0,0,0,0,36,0
Argentina,ARG,1960,0,0,0,4.5,0,0,0,11.8,0
Argentina,ARG,1970,10,0,18.5,0,0,0,7,3.6,0
Argentina,ARG,1980,0,0,0.2,3,0,0,0.6,10.6,0
Argentina,ARG,1990,0,2.4,2.1,0,0,0,0,8.5,0
Argentina,ARG,2000,4.3,0.8,5.7,0.4,0,0,0,7.3,0
Argentina,ARG,2010,4.2,0,3.3,2.4,0,0,0,7.9,0.8
Armenia,ARM,1930,0,0,0,0,0,0,289,0,0
Armenia,ARM,1940,0,0,0,0,0,0,0,0,0
Armenia,ARM,1950,0,0,0,0,0,0,0,0,0
Armenia,ARM,1960,0,0,0,0,0,0,0,0,0
Armenia,ARM,1970,0,0,0,0,0,0,0,0,0
Armenia,ARM,1980,0,0,0,0,0,0,0,0,0
Armenia,ARM,1990,0,0,0,0,0,0,0,0.4,0
Armenia,ARM,2000,0,0,0,0,0,0,0,0.1,0
Armenia,ARM,2010,0,0,0,0,0,0,0,0,0
Asia,,1900,0,0,1101.2,0,0,15.5,4842.9,0,125000
Asia,,1910,0,0,5630,0,0,647.5,3473.4,10137.9,0
Asia,,1920,0,0,11381.9,20,0,14.4,38548.6,3.6,350000
Asia,,1930,0,0,7772.8,50,0,266.9,13111.9,436093.3,0
Asia,,1940,0,0,12554.9,50,0,0,3395.3,6065.2,340000
Asia,,1950,132,0,2502.5,77.8,0,195,1439.2,205570.1,0
Asia,,1960,50,0,12052.5,135,15,313.6,3054.9,2596.6,150800
Asia,,1970,89.5,0,34436.1,131.8,0,30,32729.5,6465.6,8.1
Asia,,1980,233.6,21.2,4011.1,293.7,87.3,22.9,890.3,4194.4,229.4
Asia,,1990,594.7,47.3,18449,530.7,46.8,89.6,9539.3,5301.6,282.3
Asia,,2000,908.7,0.5,16007.1,613.1,6.6,0.8,44765.3,3714.8,19.1
Asia,,2010,753.3,15.1,1968.6,601.6,9.2,88.1,4225.1,3723.1,8.8
Australia,AUS,1930,0,7.1,0,0,0,0,0,0,0
Australia,AUS,1940,0,4.9,0,0,0,0,0,0,0
Australia,AUS,1950,0,0,0,0,0,0,0,7,0
Australia,AUS,1960,0,7.4,0,0,0,0,0,0,60
Australia,AUS,1970,0,0.3,11.2,0,0,0,0,6,0
Australia,AUS,1980,0,8.6,4,0,0,0,1.2,7.1,0
Australia,AUS,1990,2.3,0.7,5.1,2.8,0,0,0,3.8,0
Australia,AUS,2000,34.7,20.2,1.2,0,0,0,0,3.4,0
Australia,AUS,2010,13.9,4.1,3.3,0,0,0,0,4.9,0
Austria,AUT,1950,0,0,0,23.8,0,0,0,0,0
Austria,AUT,1960,0,0,0,0,0,0,0,0,0
Austria,AUT,1970,0,0,0,1.5,0,0,0,0,0
Austria,AUT,1980,0,0,1.2,4.2,0,0,0,1.2,0
Austria,AUT,1990,0,0,0.3,5,0,0,0,1.3,0
Austria,AUT,2000,35.2,0,0.7,1.3,0,0,0,1.4,0
Austria,AUT,2010,0.6,0,1.6,0,0,0,0,0.4,0
Azerbaijan,AZE,1900,0,0,0,0,0,0,8.6,0,0
Azerbaijan,AZE,1910,0,0,0,0,0,0,0,0,0
Azerbaijan,AZE,1920,0,0,0,0,0,0,0,0,0
Azerbaijan,AZE,1930,0,0,0,0,0,0,0,0,0
Azerbaijan,AZE,1940,0,0,0,0,0,0,0,0,0
Azerbaijan,AZE,1950,0,0,0,0,0,0,0,0,0
Azerbaijan,AZE,1960,0,0,0,0,0,0,0,0,0
Azerbaijan,AZE,1970,0,0,0,0,0,0,0,0,0
Azerbaijan,AZE,1980,0,0,0,0,0,0,0,0,0
Azerbaijan,AZE,1990,0,0,0,0,0,0,0.2,1.6,0
Azerbaijan,AZE,2000,0,0,0,1.1,0,0,3.1,0,0
Azerbaijan,AZE,2010,0.5,0,0,0,0,0,0,0.3,0
Bahamas,BHS,1920,0,0,0,0,0,0,0,0,0
Bahamas,BHS,1930,0,0,1.4,0,0,0,0,0,0
Bahamas,BHS,1940,0,0,2.2,0,0,0,0,0,0
Bahamas,BHS,1950,0,0,0,0,0,0,0,0,0
Bahamas,BHS,1960,0,0,0.5,0,0,0,0,0,0
Bahamas,BHS,1970,0,0,0,0,0,0,0,0,0
Bahamas,BHS,1980,0,0,0,0,0,0,0,0,0
Bahamas,BHS,1990,0,0,0.5,0,0,0,0,0,0
Bahamas,BHS,2000,0,0,1.4,0,0,0,0,0,0
Bahamas,BHS,2010,0,0,39,0,0,0,0,0,0
Bangladesh,BGD,1900,0,0,17.2,0,0,0,0,0,0
Bangladesh,BGD,1910,0,0,0,0,0,0,0,0,0
Bangladesh,BGD,1920,0,0,0.6,0,0,0,0,0,0
Bangladesh,BGD,1930,0,0,0,0,0,0,0,0,0
Bangladesh,BGD,1940,0,0,6650,0,0,0,0,0,190000
Bangladesh,BGD,1950,0,0,70,0,0,0,0,0,0
Bangladesh,BGD,1960,0,0,9262.3,0,0,0,0,1029,0
Bangladesh,BGD,1970,0,0,30714.4,0,0,0,0,2937.5,1.8
Bangladesh,BGD,1980,17,0,1897.7,0,0,0,0.3,706.4,0
Bangladesh,BGD,1990,80.1,0,14259.4,0,0,0,2.9,294.4,0
Bangladesh,BGD,2000,133.5,0,558.8,1.3,0,0,0.4,240.4,0
Bangladesh,BGD,2010,21.8,0,59.2,25.2,0,0,0.9,65.3,0
Barbados,BRB,1950,0,0,5.7,0,0,0,0,0,0
Barbados,BRB,1960,0,0,0,0,0,0,0,0,0
Barbados,BRB,1970,0,0,0,0,0,0,0,0.3,0
Barbados,BRB,1980,0,0,0,0,0,0,0,0,0
Barbados,BRB,1990,0,0,0,0,0,0,0,0,0
Barbados,BRB,2000,0,0,0.1,0,0,0,0,0,0
Barbados,BRB,2010,0,0,0.1,0,0,0,0,0,0
Belarus,BLR,1990,0,0,0.5,0,0,0,0,0.2,0
Belarus,BLR,2000,0.5,0,0,0,0,0,0,0,0
Belarus,BLR,2010,4.9,0,0,0,0,0,0,0,0
Belgium,BEL,1900,0,0,0,0,0,0,0,0.6,0
Belgium,BEL,1910,0,0,0,0,0,0,0,0,0
Belgium,BEL,1920,0,0,0,0,0,0,0,0,0
Belgium,BEL,1930,0,0,6,0,0,0,0,0,0
Belgium,BEL,1940,0,0,0,0,0,0,0,0,0
Belgium,BEL,1950,0,0,0,0,0,0,0,1.5,0
Belgium,BEL,1960,1.2,0,0,0,0,0,0,0,0
Belgium,BEL,1970,0,0,0,0,0,0,0,0,0
Belgium,BEL,1980,0,0,0,0,0,0,0.2,0,0
Belgium,BEL,1990,0,0,2.4,0,0,0,0,0.1,0
Belgium,BEL,2000,211.8,0,0.7,0,0,0,0,0.2,0
Belgium,BEL,2010,112.9,0,0.8,0,0,0,0,0.4,0
Belize,BLZ,1930,0,0,150,0,0,0,0,0,0
Belize,BLZ,1940,0,0,0,0,0,0,0,0,0
Belize,BLZ,1950,0,0,1.6,0,0,0,0,0,0
Belize,BLZ,1960,0,0,27.5,0,0,0,0,0,0
Belize,BLZ,1970,0,0,0.5,0,0,0,0,0,0
Belize,BLZ,1980,0,0,0,0,0,0,0,0,0
Belize,BLZ,1990,0,0,0.9,0,0,0,0,0,0
Belize,BLZ,2000,0,0,5.4,0,0,0,0,0.1,0
Belize,BLZ,2010,0,0,0,0,0,0,0,0,0
Benin,BEN,1960,0,0,0,0,0,0,0,0,0
Benin,BEN,1970,0,0.2,0,0,0,0,0,0,0
Benin,BEN,1980,0,0,0,0,0,0,0,6.1,0
Benin,BEN,1990,0,0,0,0,0,0,0,3.7,0
Benin,BEN,2000,0,0,0,0,0,0,0,3.5,0
Benin,BEN,2010,0,0.1,0,0,0,0,0,5,0
Bermuda,BMU,1940,0,0,0,0,0,0,0,0,0
Bermuda,BMU,1950,0,0,0,0,0,0,0,0,0
Bermuda,BMU,1960,0,0,0,0,0,0,0,0,0
Bermuda,BMU,1970,0,0,0,0,0,0,0,0,0
Bermuda,BMU,1980,0,0,0,0,0,0,0,0,0
Bermuda,BMU,1990,0,0,0,0,0,0,0,0,0
Bermuda,BMU,2000,0,0,0.4,0,0,0,0,0,0
Bhutan,BTN,1990,0,0,1.7,0,0,0,0,2.2,0
Bhutan,BTN,2000,0,0,1.2,0,0,0,1.1,20,0
Bhutan,BTN,2010,0,0,0,0,0,0,0.1,0,0
Bolivia,BOL,1960,0,0,0,0,0,0,0,7.8,0
Bolivia,BOL,1970,0,0,0,0,0,0,0,8.1,0
Bolivia,BOL,1980,0,0,0,0,0,0,0,30.4,0
Bolivia,BOL,1990,0,0.3,0,14.9,0,0,10,6,0
Bolivia,BOL,2000,1.5,0,2,6.9,0,0,0,36.1,0
Bolivia,BOL,2010,2.2,0,0,11.6,0,0,0,32.3,0
Bosnia and Herzegovina,BIH,1990,0,0,0,0,0,0,0,0,0
Bosnia and Herzegovina,BIH,2000,0.1,0,0.4,0.6,0,0,0,0,0
Bosnia and Herzegovina,BIH,2010,0.6,0,0,0,0,0,0,3,0
Botswana,BWA,1960,0,0,0,0,0,0,0,0,0
Botswana,BWA,1970,0,0,0,0,0,0,0,0,0
Botswana,BWA,1980,0,0,0,0,0,0,0,0.8,0
Botswana,BWA,1990,0,0,0,0,0,0,0,2,0
Botswana,BWA,2000,0,0,0,0,0,0,0,0.3,0
Botswana,BWA,2010,0,0,0,0,0,0,0,1.2,0
Brazil,BRA,1940,0,0,10,0,0,0,0,20,0
Brazil,BRA,1950,0,0,5.9,6.6,0,0,0,21.2,0
Brazil,BRA,1960,11.3,0,3.6,78.6,0,0,0,181.8,0
Brazil,BRA,1970,12.6,0,1,12.1,0,0,0,114.2,0
Brazil,BRA,1980,7.7,0,11.6,14.3,0,0,0.1,159.8,2
Brazil,BRA,1990,0,0.1,0.3,37.8,0,0,0,38.6,0
Brazil,BRA,2000,0.7,0,2.6,22.1,0,0,0.1,86.6,0
Brazil,BRA,2010,3.2,0,0.4,3,0,0,0,161.6,0
British Virgin Islands,VGB,1990,0,0,0,0,0,0,0,0,0
British Virgin Islands,VGB,2000,0,0,0,0,0,0,0,0,0
British Virgin Islands,VGB,2010,0,0,0.9,0,0,0,0,0,0
Brunei,BRN,1990,0,0,0,0,0,0,0,0,0
Bulgaria,BGR,1920,0,0,0,0,0,0,10.7,0,0
Bulgaria,BGR,1930,0,0,0,0,0,0,0,0,0
Bulgaria,BGR,1940,0,0,0,0,0,0,0,0,0
Bulgaria,BGR,1950,0,0,0,0,0,0,0,0,0
Bulgaria,BGR,1960,0,0,0,1.1,0,0,0,0,0
Bulgaria,BGR,1970,0,0,0,0,0,0,2,0,0
Bulgaria,BGR,1980,0,0,0,0,0,0,0.3,0,0
Bulgaria,BGR,1990,0.3,0,0,0,0,0,0.1,0,0
Bulgaria,BGR,2000,3.7,1,0.2,0,0,0,0,5.2,0
Bulgaria,BGR,2010,3.6,0,0.1,0,0,0,0,3,0
Burkina Faso,BFA,1910,0,0,0,0,0,0,0,0,0
Burkina Faso,BFA,1920,0,0,0,0,0,0,0,0,0
Burkina Faso,BFA,1930,0,0,0,0,0,0,0,0,0
Burkina Faso,BFA,1940,0,0,0,0,0,0,0,0,0
Burkina Faso,BFA,1950,0,0,0,0,0,0,0,0,0
Burkina Faso,BFA,1960,0,0,0,0,0,0,0,0,0
Burkina Faso,BFA,1970,0,0,0,0,0,0,0,0,0
Burkina Faso,BFA,1980,0,0,0,0,0,0,0,1.6,0
Burkina Faso,BFA,1990,0,0,0,0,0,0,0,2.8,0
Burkina Faso,BFA,2000,0,0,0,0,0,0,0,6.7,0
Burkina Faso,BFA,2010,0,0,0,0,0,0,0,6.1,0
Burundi,BDI,1980,0,0,0,0,0,0,0,1.2,0
Burundi,BDI,1990,0,0,0,0,0,0,0,0,0.6
Burundi,BDI,2000,0,0,0,0,0,0,0.3,3.6,12
Burundi,BDI,2010,0,0,2.1,5.4,0,0,0,17.2,0
Cambodia,KHM,1980,0,0,0,0,0,0,0,0,0
Cambodia,KHM,1990,0,0,2.5,0,0,0,0,67.2,0
Cambodia,KHM,2000,0,0,1.9,0,0,0,0,45.5,0
Cambodia,KHM,2010,0,0,0,0,0,0,0,52.6,0
Cameroon,CMR,1970,0,0,0,0,0,0,0,0,0
Cameroon,CMR,1980,0,0,0,0,0,178.3,0,0.2,0
Cameroon,CMR,1990,0,0,0,0,0,0,0,3.2,0
Cameroon,CMR,2000,0,0,0,2,0,0,0,5.2,0
Cameroon,CMR,2010,0,0,0,5.4,0,0,0,4.5,0
Canada,CAN,1900,0,0,0,0,12.7,0,0,0,0
Canada,CAN,1910,0,7.3,2.8,11.8,0,0,0,0,0
Canada,CAN,1920,0,4.3,0,0,0,0,2.7,0,0
Canada,CAN,1930,50,0,0,0,0,0,0,0,0
Canada,CAN,1940,0,0,1.7,0,0,0,0,0,0
Canada,CAN,1950,0,0,8.9,0,0.3,0,0,0.1,0
Canada,CAN,1960,0,0,3.3,2.6,0,0,0,0,0
Canada,CAN,1970,0,0,2.4,0,3.1,0,0,0,0
Canada,CAN,1980,0,0.1,3.8,0,0,0,0,0.3,0
Canada,CAN,1990,0,0,3.8,0,0,0,0,2.5,0
Canada,CAN,2000,0,0.1,3.2,0,0,0,0,0.9,0
Canada,CAN,2010,8,0.1,0.3,0,0,0,0,1.2,0
Cape Verde,CPV,1900,0,0,0,0,0,0,0,0,1100
Cape Verde,CPV,1910,0,0,0,0,0,0,0,0,0
Cape Verde,CPV,1920,0,0,0,0,0,0,0,0,2400
Cape Verde,CPV,1930,0,0,0,0,0,0,0,0,0
Cape Verde,CPV,1940,0,0,0,0,0,0,0,0,5000
Cape Verde,CPV,1950,0,0,0,0,0,0,0,0,0
Cape Verde,CPV,1960,0,0,0,0,0,0,0,0,0
Cape Verde,CPV,1970,0,0,0,0,0,0,0,0,0
Cape Verde,CPV,1980,0,0,3.2,0,0,0,0,0,0
Cape Verde,CPV,1990,0,0,0,0,0,0,0,0,0
Cape Verde,CPV,2000,0,0,0,0,0,0,0,0.3,0
Cape Verde,CPV,2010,0,0,0.9,0,0,0,0,0,0
Cayman Islands,CYM,2000,0,0,0.2,0,0,0,0,0,0
Central African Republic,CAF,1970,0,0,0,0,0,0,0,0,0
Central African Republic,CAF,1980,0,0,0,0,0,0,0,0,0
Central African Republic,CAF,1990,0,0,0,0,0,0,0,0.7,0
Central African Republic,CAF,2000,0,0.1,0.6,0,0,0,0,0.6,0
Central African Republic,CAF,2010,0,0,0.2,0,0,0,0,0.3,0
Chad,TCD,1910,0,0,0,0,0,0,0,0,0
Chad,TCD,1920,0,0,0,0,0,0,0,0,0
Chad,TCD,1930,0,0,0,0,0,0,0,0,0
Chad,TCD,1940,0,0,0,0,0,0,0,0,0
Chad,TCD,1950,0,0,0,0,0,0,0,0,0
Chad,TCD,1960,0,0,0,0,0,0,0,0,0
Chad,TCD,1970,0,0,1.3,0,0,0,0,0,0
Chad,TCD,1980,0,0,1.1,0,0,0,0,4.3,300
Chad,TCD,1990,0,0,0,0,0,0,0,4.1,0
Chad,TCD,2000,0,0,1.4,0,0,0,0,17.3,0
Chad,TCD,2010,0,0,0,5.2,0,0,0,4.4,0
Chile,CHL,1900,0,0,0,0,0,0,2000,0,0
Chile,CHL,1910,0,0,0,0,0,0,0,0,0
Chile,CHL,1920,0,0,0,0,0,0,122,0,0
Chile,CHL,1930,0,0,0,0,0,0,3000,0,0
Chile,CHL,1940,0,0,0,0,0,10,5.5,0,0
Chile,CHL,1950,0,0,0,0,0,0,1.5,0,0
Chile,CHL,1960,0,0,5.8,2.6,0,0.4,640.4,60,0
Chile,CHL,1970,0,0,1.5,3,0,0,8.5,3.6,0
Chile,CHL,1980,0,0,14.3,3.2,0,0,18.9,17.1,0
Chile,CHL,1990,0.2,1,0.4,14.1,0,0.6,1.1,15.9,0
Chile,CHL,2000,0.6,0,4.7,0,0,0,2.3,7.4,0
Chile,CHL,2010,0,3.2,0.6,2.2,0,0,59,20.5,0
China,CHN,1900,0,0,0,0,0,0,1480.1,0,0
China,CHN,1910,0,0,5000,0,0,0,1291.2,10000,0
China,CHN,1920,0,0,10500,0,0,0,23102.4,0,350000
China,CHN,1930,0,0,0,50,0,0,2107.7,436000,0
China,CHN,1940,0,0,180,0,0,0,139.6,5733,0
China,CHN,1950,0,0,378.4,0,0,0,9.3,204004.7,0
China,CHN,1960,0,0,68.6,0,0,0,300,0,0
China,CHN,1970,0,0,10.7,0,0,0,27404.2,2000,0
China,CHN,1980,0.2,19.1,323.1,37.5,27.7,0,126.4,1418.7,140
China,CHN,1990,14.4,5.2,563.6,124.8,12.2,0,64,1792.5,200
China,CHN,2000,19.1,0,318,95.9,5.5,0,8794.7,578.1,13.4
China,CHN,2010,4.7,5.2,159.3,274.7,4.6,0,421.9,622.7,0
Colombia,COL,1900,0,0,0,0,0,0,40,0,0
Colombia,COL,1910,0,0,0,0,0,0,0,0,0
Colombia,COL,1920,0,0,0,10,0,0,30,0,0
Colombia,COL,1930,0,0,0,0,0,0,1.8,0,0
Colombia,COL,1940,0,0,0,0,0,100,0,0,0
Colombia,COL,1950,0,0,0,18.7,0,0,32.2,18.4,0
Colombia,COL,1960,0,0,0,3.2,0,0,12.8,13.5,0
Colombia,COL,1970,0,0,0,88.9,0,0,65,57.6,0
Colombia,COL,1980,0,0,3.1,100.9,16,2180,26,45,0
Colombia,COL,1990,0,0,0.2,29.8,7.5,1,152.7,23.4,0
Colombia,COL,2000,0,0,0.5,25.6,1.2,1.6,1.4,103.1,0
Colombia,COL,2010,0,4.2,1.1,68.9,0,0,0,97.5,0
Comoros,COM,1900,0,0,0,0,0,1.7,0,0,0
Comoros,COM,1910,0,0,0,0,0,0,0,0,0
Comoros,COM,1920,0,0,0,0,0,0,0,0,0
Comoros,COM,1930,0,0,0,0,0,0,0,0,0
Comoros,COM,1940,0,0,0,0,0,0,0,0,0
Comoros,COM,1950,0,0,50,0,0,0,0,0,0
Comoros,COM,1960,0,0,0,0,0,0,0,0,0
Comoros,COM,1970,0,0,0,0,0,0.1,0,0,0
Comoros,COM,1980,0,0,5.9,0,0,0,0,0,0
Comoros,COM,1990,0,0,0,0,0,0,0,0,0
Comoros,COM,2000,0,0,0,0,0,0.1,0,0.2,0
Comoros,COM,2010,0,0,0.8,0,0,0,0,0.4,0
Congo,COG,1960,0,0,0,15.4,0,0,0,0,0
Congo,COG,1970,0,0,0,0,0,0,0,0,0
Congo,COG,1980,0,0,0,0,0,0,0,0,0
Congo,COG,1990,0,0,0,0,0,0,0,0.2,0
Congo,COG,2000,0,0,0,0,0,0,0,0.7,0
Congo,COG,2010,0,0,0,0,0,0,0,1.9,0
Costa Rica,CRI,1910,0,0,0,0,0,0,245,0,0
Costa Rica,CRI,1920,0,0,0,0,0,0,0,0,0
Costa Rica,CRI,1930,0,0,0,0,0,0,0,0,0
Costa Rica,CRI,1940,0,0,0,0,0,0,0,0,0
Costa Rica,CRI,1950,0,0,0,0,0,0,3.9,0,0
Costa Rica,CRI,1960,0,0,0,0,0,10.2,0,0.7,0
Costa Rica,CRI,1970,0,0,0,0,0,0.2,2.1,2.4,0
Costa Rica,CRI,1980,0,0,2.8,0,0,0,1.2,0.8,0
Costa Rica,CRI,1990,0,0,6.2,0,0,0,5.1,2.7,0
Costa Rica,CRI,2000,0,0,0.5,0.7,0,0,4.1,4.4,0
Costa Rica,CRI,2010,0,0,2.2,0,0,0,0.2,3.8,0
Cote d'Ivoire,CIV,1980,0,0,0,0,0,0,0,0,0
Cote d'Ivoire,CIV,1990,0,0,0,0,0,0,0,2.8,0
Cote d'Ivoire,CIV,2000,0,0,0,2.7,0,0,0,0.6,0
Cote d'Ivoire,CIV,2010,0,0,0,0,0,0,0,14.7,0
Croatia,HRV,1990,0,0,0,0,0,0,0,0,0
Croatia,HRV,2000,83.3,1.3,0.2,0,0,0,0,0,0
Croatia,HRV,2010,0.7,0,0,0,0,0,0,0.4,0
Cuba,CUB,1920,0,0,60,0,0,0,0,0,0
Cuba,CUB,1930,0,0,253.5,0,0,0,0,0,0
Cuba,CUB,1940,0,0,1.4,0,0,0,0,0,0
Cuba,CUB,1950,0,0,0,0,0,0,0,0,0
Cuba,CUB,1960,0,0,175.5,0,0,0,0,0,0
Cuba,CUB,1970,0,0,2.6,0,0,0,0.1,0.7,0
Cuba,CUB,1980,0,0,3.1,0,0,0,0,3.8,0
Cuba,CUB,1990,0,0,1.9,0,0,0,0,6.5,0
Cuba,CUB,2000,0,0,4,0,0,0,0,0.4,0
Cuba,CUB,2010,0,0,3.7,0,0,0,0,0.7,0
Cyprus,CYP,1950,0,0,0,0,0,0,4,0,0
Cyprus,CYP,1960,0,0,0.3,0,0,0,0,0,0
Cyprus,CYP,1970,0,0,0,0,0,0,0,0,0
Cyprus,CYP,1980,0,0,0,0,0,0,0,0,0
Cyprus,CYP,1990,5.2,0,0,0,0,0,0.2,0,0
Cyprus,CYP,2000,0.9,0,0,0,0,0,0,0,0
Czechia,CZE,1990,0,0,0,0,0,0,0,3.6,0
Czechia,CZE,2000,43.3,0,1,0,0,0,0,3.8,0
Czechia,CZE,2010,4.7,0,0,0,0,0,0,2.6,0
Czechoslovakia,OWID_CZS,1970,0,0,0,1.4,0,0,0,0,0
Czechoslovakia,OWID_CZS,1980,0,0,0,1,0,0,0,0,0
Democratic Republic of Congo,COD,1960,0,0,0,15.4,0,0,2.4,0,0
Democratic Republic of Congo,COD,1970,0,0,0,0,0,14.7,0,0,0
Democratic Republic of Congo,COD,1980,0,0,0,0,0,0,0,0,0
Democratic Republic of Congo,COD,1990,0,0,0,0,0,0,0.9,6.4,0
Democratic Republic of Congo,COD,2000,0,0,4.9,1.2,0,20,1.7,13.9,0
Democratic Republic of Congo,COD,2010,0,1.1,0,26.8,0,0,0.3,45.3,0
Denmark,DNK,1970,0,0,0,0,0,0,0,0,0
Denmark,DNK,1980,0,0,1.1,0,0,0,0,0,0
Denmark,DNK,1990,0,0,0.8,0,0,0,0,0,0
Denmark,DNK,2000,0,0,0.5,0,0,0,0,0,0
Denmark,DNK,2010,0,0,0.2,0,0,0,0,0,0
Djibouti,DJI,1970,0,0,0,0,0,0,0,0,0
Djibouti,DJI,1980,0,0,0,0,0,0,0,3.5,0
Djibouti,DJI,1990,0,0,0,0,0,0,0,14.5,0
Djibouti,DJI,2000,0,0,0,0,0,0,0,5.1,0
Djibouti,DJI,2010,0,0,0.2,0,0,0,0,1.1,0
Dominica,DMA,1930,0,0,200,0,0,0,0,0,0
Dominica,DMA,1940,0,0,0,0,0,0,0,0,0
Dominica,DMA,1950,0,0,0,0,0,0,0,0,0
Dominica,DMA,1960,0,0,0,0,0,0,0,0,0
Dominica,DMA,1970,0,0,4,0,0,0,0,0,0
Dominica,DMA,1980,0,0,0.2,0,0,0,0,0,0
Dominica,DMA,1990,0,0,0.2,0,0,0,0,0,0
Dominica,DMA,2000,0,0,0.2,0,0,0,0,0,0
Dominica,DMA,2010,0,0,9.4,0,0,0,0,0,0
Dominican Republic,DOM,1930,0,0,200,0,0,0,0,0,0
Dominican Republic,DOM,1940,0,0,0,0,0,0,7.3,0,0
Dominican Republic,DOM,1950,0,0,0,0,0,0,0,0,0
Dominican Republic,DOM,1960,0,0,48.1,0,0,0,0,0,0
Dominican Republic,DOM,1970,0,0,140,0,0,0,0,3.2,0
Dominican Republic,DOM,1980,0,0,2.2,0,0,0,0,3.2,0
Dominican Republic,DOM,1990,0,0,38.2,0,0,0,0,4.3,0
Dominican Republic,DOM,2000,0,0,21.1,0,0,0,0.3,72.3,0
Dominican Republic,DOM,2010,0,0,2.6,0,0,0,0,2.9,0
Ecuador,ECU,1920,0,0,0,0,0,0,4,0,0
Ecuador,ECU,1930,0,0,0,19,0,0,0,0,0
Ecuador,ECU,1940,0,0,0,0,0,0,620,0,0
Ecuador,ECU,1950,0,0,0,0,0,0,0,12.1,0
Ecuador,ECU,1960,0,0,0,5,0,0,0,0,0
Ecuador,ECU,1970,0,0,0,10.5,0,0.1,4.9,2,0
Ecuador,ECU,1980,0,0,0,20,0,0,501,34.2,0
Ecuador,ECU,1990,0,0,0,46,0,0,3.7,26.7,0
Ecuador,ECU,2000,0,0,0,4.4,6,0.5,0,18.3,0
Ecuador,ECU,2010,0,0.5,0,3.3,0,0,67.6,7.8,0
Egypt,EGY,1920,0,0,0,0,0,0,1.2,0,0
Egypt,EGY,1930,0,0,0,0,0,0,0,0,0
Egypt,EGY,1940,0,0,0,0,0,0,0,0,0
Egypt,EGY,1950,0,0,0,0,0,0,2,0,0
Egypt,EGY,1960,0,0,0,0,0,0,0.2,0,0
Egypt,EGY,1970,0,0,0.3,0,0,0,0,6.5,0
Egypt,EGY,1980,0,0,3,0,0,0,0,0,0
Egypt,EGY,1990,5.4,0,1.8,0,3.4,0,56.2,62.4,0
Egypt,EGY,2000,0.3,0,1.3,0,9.8,0,0,1.8,0
Egypt,EGY,2010,11,0,8.8,0,0,0,0,2.7,0
El Salvador,SLV,1930,0,0,200,0,0,0,40,0,0
El Salvador,SLV,1940,0,0,0,0,0,0,0,0,0
El Salvador,SLV,1950,0,0,0,0,0,0,110,0,0
El Salvador,SLV,1960,0,0,0.2,0,0,0,12.5,0,0
El Salvador,SLV,1970,0,0,0,0,0,0,0,0,0
El Salvador,SLV,1980,0,0,0,2.2,0,0,112,54.3,0
El Salvador,SLV,1990,0,0,49.1,2.2,0,0,0,1.7,0
El Salvador,SLV,2000,0.1,0,34.5,0,0,0.2,116,8.3,0
El Salvador,SLV,2010,0,0,3.9,0,0,0,0.1,4,0
Eritrea,ERI,1990,0,0,0.3,0,0,0,0,0,0
Eritrea,ERI,2000,0,0,0,0,0,0,0,0,0
Estonia,EST,2000,0.3,0,0,0,0,0,0,0,0
Estonia,EST,2010,0.8,0,0,0,0,0,0,0,0
Eswatini,SWZ,1980,0,0,5.3,0,0,0,0,0,50
Eswatini,SWZ,1990,0,0,0,0,0,0,0,0,0
Eswatini,SWZ,2000,0,0.2,0.1,0,0,0,0,0,0
Eswatini,SWZ,2010,0,0,0,0,0,0,0,1.1,0
Ethiopia,ETH,1960,0,0,0,0,0,0,5.4,0.1,200
Ethiopia,ETH,1970,0,0,0,0,0,6.4,0,1.6,10000
Ethiopia,ETH,1980,0,0,0,0,0,0,0,5.4,30036.7
Ethiopia,ETH,1990,0,0,0,2.2,1.3,0,0,44.7,0
Ethiopia,ETH,2000,0,0,0,0.4,0,0.5,0,143.9,0
Ethiopia,ETH,2010,0,0,0,6.7,0,0,0,14.7,0
Europe,,1900,0,0,0,0,0,70,7575.7,0.6,0
Europe,,1910,0,0,0,0,0,0,3011.4,0,0
Europe,,1920,0,0,8.8,12.8,0,0,181,100,0
Europe,,1930,0,0,8.2,14.3,0,0,221.2,1,0
Europe,,1940,0,8,24.7,2.5,0,2.6,104.7,0,0
Europe,,1950,0,0,2.6,62.7,0,0,64.4,247.4,0
Europe,,1960,1.2,2.5,13.1,221.1,0,0,146.2,110.7,0
Europe,,1970,40,0,10.4,22.3,0,0.9,285.9,127.9,0
Europe,,1980,122.2,9.3,28.4,20,0,0,483.7,66.9,0
Europe,,1990,115.2,13.7,100.5,74.3,0,0,225.6,91.7,0
Europe,,2000,8070.8,19.6,48.4,20.1,0,0,34.8,96.1,0.2
Europe,,2010,6483.9,32.3,29.7,0.4,0.8,0,42.1,88.9,0
Fiji,FJI,1930,0,0,20,0,0,0,0,0,0
Fiji,FJI,1940,0,0,0.6,0,0,0,0,0,0
Fiji,FJI,1950,0,0,2.3,0,0,0,0,0,0
Fiji,FJI,1960,0,0,0.2,0,0,0,0,0.1,0
Fiji,FJI,1970,0,0,11.5,0,0,0,0,0,0
Fiji,FJI,1980,0,0,6.1,0,0,0,0,2.9,0
Fiji,FJI,1990,0,0,5.9,0,0,0,0,0,0
Fiji,FJI,2000,0,0,4.4,0,0,0,0,2.6,0
Fiji,FJI,2010,0,0,5.9,0,0,0,0,1.5,0
Finland,FIN,1990,0,0,0,0,0,0,0,0,0
Finland,FIN,2000,0,0,0,0,0,0,0,0,0
France,FRA,1900,0,0,0,0,0,0,4.6,0,0
France,FRA,1910,0,0,0,0,0,0,0,0,0
France,FRA,1920,0,0,0,2.8,0,0,0,0,0
France,FRA,1930,0,0,0,7,0,0,0,0,0
France,FRA,1940,0,8,0,0,0,0,0,0,0
France,FRA,1950,0,0,0,0,0,0,0,3.5,0
France,FRA,1960,0,0,2.8,2.1,0,0,0.1,0,0
France,FRA,1970,0,0,0,11.4,0,0,1.1,2.9,0
France,FRA,1980,0,2.5,4,3,0,0,0,5.7,0
France,FRA,1990,4.8,0,22.5,3.4,0,0,0,6,0
France,FRA,2000,2089.3,0.7,6.8,0,0,0,0,4.4,0
France,FRA,2010,472.8,0,8.2,0,0,0,0,9.5,0
French Guiana,GUF,1990,0,0,0,0,0,0,0,0,0
French Guiana,GUF,2000,0,0,0,1,0,0,0,0,0
French Guiana,GUF,2010,0,0,0,0,0,0,0,0,0
French Polynesia,PYF,1950,0,0,0,0,0,0,0,0,0
French Polynesia,PYF,1960,0,0,0,0,0,0,0,0,0
French Polynesia,PYF,1970,0,0,0,0,0,0,0,0,0
French Polynesia,PYF,1980,0,0,0.7,1,0,0,0,0,0
French Polynesia,PYF,1990,0,0,0,1.3,0,0,0,0,0
French Polynesia,PYF,2000,0,0,0,0,0,0,0,0,0
French Polynesia,PYF,2010,0,0,0.1,0,0,0,0,0,0
Gabon,GAB,1980,0,0,0,0,0,0,0,0,0
Gabon,GAB,1990,0,0,0,0,0,0,0,0,0
Gabon,GAB,2000,0,0,0,0,0,0,0,0,0
Gabon,GAB,2010,0,0,0,0,0,0,0,0.1,0
Gambia,GMB,1910,0,0,0,0,0,0,0,0,0
Gambia,GMB,1920,0,0,0,0,0,0,0,0,0
Gambia,GMB,1930,0,0,0,0,0,0,0,0,0
Gambia,GMB,1940,0,0,0,0,0,0,0,0,0
Gambia,GMB,1950,0,0,0,0,0,0,0,0,0
Gambia,GMB,1960,0,0,0,0,0,0,0,0,0
Gambia,GMB,1970,0,0,0,0,0,0,0,0,0
Gambia,GMB,1980,0,0,0,0,0,0,0,0,0
Gambia,GMB,1990,0,0,0,0,0,0,0,5.3,0
Gambia,GMB,2000,0,0,0.5,0,0,0,0,0.6,0
Gambia,GMB,2010,0,0,0.4,0,0,0,0,1.7,0
Georgia,GEO,1990,0,0,0,0,0,0,0.9,0.8,0
Georgia,GEO,2000,0,0,0,0,0,0,0.6,0.1,0
Georgia,GEO,2010,0,0,0,0,0,0,0,5.2,0
Germany,DEU,1990,3,0,10.7,0.5,0,0,0.1,1.4,0
Germany,DEU,2000,938.3,0,8.5,0,0,0,0,2.9,0
Germany,DEU,2010,1.1,0,3,0,0,0,0,1.8,0
Ghana,GHA,1930,0,0,0,0,0,0,2.2,0,0
Ghana,GHA,1940,0,0,0,0,0,0,0,0,0
Ghana,GHA,1950,0,0,0,0,0,0,0,0,0
Ghana,GHA,1960,0,0,0,0,0,0,0,0,0
Ghana,GHA,1970,0,0,0,0,0,0,0,0,0
Ghana,GHA,1980,0,0.4,0,0,0,0,0,0.7,0
Ghana,GHA,1990,0,0,0,0,0,0,0,20.2,0
Ghana,GHA,2000,0,0,0,0,0,0,0,11.2,0
Ghana,GHA,2010,0,0,2,0,0,0,0,18.9,0
Greece,GRC,1900,0,0,0,0,0,0,0.4,0,0
Greece,GRC,1910,0,0,0,0,0,0,1.4,0,0
Greece,GRC,1920,0,0,0,0,0,0,10.3,0,0
Greece,GRC,1930,0,0,2.2,0,0,0,15.1,0,0
Greece,GRC,1940,0,0,0,0,0,0,0.5,0,0
Greece,GRC,1950,0,0,0,0,0,0,59.3,0,0
Greece,GRC,1960,0,0,4.3,0,0,0,10,0,0
Greece,GRC,1970,0,0,0,0,0,0,5,4.2,0
Greece,GRC,1980,107.6,1.5,4.8,0,0,0,4.5,0,0
Greece,GRC,1990,0.5,1.4,0.3,0,0,0,19.7,2.6,0
Greece,GRC,2000,4.3,7.7,0.5,0,0,0,0.2,1.5,0
Greece,GRC,2010,0.5,10,0.7,0,0,0,0.6,3.2,0
Grenada,GRD,1960,0,0,0.6,0,0,0,0,0,0
Grenada,GRD,1970,0,0,0,0,0,0,0,0,0
Grenada,GRD,1980,0,0,0,0,0,0,0,0,0
Grenada,GRD,1990,0,0,0,0,0,0,0,0,0
Grenada,GRD,2000,0,0,3.9,0,0,0,0,0,0
Grenada,GRD,2010,0,0,0,0,0,0,0,0,0
Guadeloupe,GLP,1920,0,0,200,0,0,0,0,0,0
Guadeloupe,GLP,1930,0,0,0,0,0,0,0,0,0
Guadeloupe,GLP,1940,0,0,0,0,0,0,0,0,0
Guadeloupe,GLP,1950,0,0,0,0,0,0,0,0,0
Guadeloupe,GLP,1960,0,0,3.9,0,0,0,0,0,0
Guadeloupe,GLP,1970,0,0,0,0,0,0,0,0,0
Guadeloupe,GLP,1980,0,0,0.5,0,0,0,0,0,0
Guadeloupe,GLP,1990,0,0,0.4,0,0,0,0,0,0
Guadeloupe,GLP,2000,0,0,0,0,0,0,0.1,0,0
Guadeloupe,GLP,2010,0,0,0.4,0,0,0,0,0,0
Guam,GUM,1960,0,0,0.6,0,0,0,0,0,0
Guam,GUM,1970,0,0,0.9,0,0,0,0,0,0
Guam,GUM,1980,0,0,0,0,0,0,0,0,0
Guam,GUM,1990,0,0,0.1,0,0,0,0,0,0
Guam,GUM,2000,0,0,0.2,0,0,0,0,0,0
Guatemala,GTM,1900,0,0,0,0,0,700,200,0,0
Guatemala,GTM,1910,0,0,0,0,0,0,265,0,0
Guatemala,GTM,1920,0,0,0,0,0,0,0,0,0
Guatemala,GTM,1930,0,0,0,0,0,0,0,0,0
Guatemala,GTM,1940,0,0,0,0,0,0,0,4000,0
Guatemala,GTM,1950,0,0,0,0,0,0,0,0,0
Guatemala,GTM,1960,0,0,26.9,0,0,0,0,0,0
Guatemala,GTM,1970,0,0,0,0,0,0,2300,0.5,0
Guatemala,GTM,1980,0,0,0,0,0,0,0.5,71.4,0
Guatemala,GTM,1990,0,0,38.4,5.1,2.3,0,1.6,5.3,0
Guatemala,GTM,2000,0.6,0,154,18.7,3.6,0,0.6,7.7,4.1
Guatemala,GTM,2010,0,0,19.6,44,0,46.1,4.9,7,0
Guinea,GIN,1980,0,0,0,0,0,0,27.5,0,0
Guinea,GIN,1990,0,0,0,0,0,0,0,0,1.2
Guinea,GIN,2000,0,0,0.4,0,0,0,0,1.1,0
Guinea,GIN,2010,0,0,0,0.7,0,0,0,1.7,0
Guinea-Bissau,GNB,1910,0,0,0,0,0,0,0,0,0
Guinea-Bissau,GNB,1920,0,0,0,0,0,0,0,0,0
Guinea-Bissau,GNB,1930,0,0,0,0,0,0,0,0,0
Guinea-Bissau,GNB,1940,0,0,0,0,0,0,0,0,0
Guinea-Bissau,GNB,1950,0,0,0,0,0,0,0,0,0
Guinea-Bissau,GNB,1960,0,0,0,0,0,0,0,0,0
Guinea-Bissau,GNB,1970,0,0,0,0,0,0,0,0,0
Guinea-Bissau,GNB,1980,0,0,0.1,0,0,0,0,0,0
Guinea-Bissau,GNB,1990,0,0.3,0,0,0,0,0,0,0
Guinea-Bissau,GNB,2000,0,0,0,0,0,0,0,0.3,0
Guinea-Bissau,GNB,2010,0,0,0.3,0,0,0,0,0.2,0
Guyana,GUY,1970,0,0,0,0,0,0,0,0,0
Guyana,GUY,1980,0,0,0,0,0,0,0,0,0
Guyana,GUY,1990,0,0,0,0,0,0,0,0,0
Guyana,GUY,2000,0,0,0,0,0,0,0,3.4,0
Guyana,GUY,2010,0,0,0,0,0,0,0,0,0
Haiti,HTI,1900,0,0,15,0,0,0,0,0,0
Haiti,HTI,1910,0,0,160,0,0,0,0,0,0
Haiti,HTI,1920,0,0,0,0,0,0,0,0,0
Haiti,HTI,1930,0,0,215,0,0,0,0,0,0
Haiti,HTI,1940,0,0,0,0,0,0,0,0,0
Haiti,HTI,1950,0,0,41,26.2,0,0,0.6,5,0
Haiti,HTI,1960,0,0,558,0,0,0,0,52.6,0
Haiti,HTI,1970,0,0,0.8,0,0,0,0,7.8,0
Haiti,HTI,1980,0,0,27.4,0,0,0,0,20.8,0
Haiti,HTI,1990,0,0,137.8,0,0,0,0,4.4,0
Haiti,HTI,2000,0,0,366.3,0,0,0,0,291,0
Haiti,HTI,2010,0,0,67.3,0,0,0,22258.7,24.4,0
High income,,1900,0,0,1678.7,0,12.7,3085.5,9789.8,32.8,0
High income,,1910,0,107.3,784.9,11.8,0,14,3063.7,137.9,0
High income,,1920,0,4.3,964.2,32.8,0,14.4,14924.2,124.6,0
High income,,1930,169.3,7.1,1732.2,34.3,0,0,4175.6,130.1,0
High income,,1940,0,25,1117.1,2.5,0,12.6,1365.9,304.5,0
High income,,1950,17.6,1.1,1650.4,84.3,0.3,17.9,83.5,843.5,0
High income,,1960,42.4,9.9,617.8,256.2,0,0.4,729.1,461.6,60
High income,,1970,43.2,0.3,333.3,91.1,3.1,1.2,291.6,388.6,0
High income,,1980,278.6,18,461.5,71.4,0,9,535,219.3,0
High income,,1990,180.6,13.5,381.3,75.8,0,8.2,817.5,223.2,0
High income,,2000,7931.2,43.6,599.1,10.8,0,0,45,165.3,0
High income,,2010,983.5,56.4,397.9,23.1,0.8,8.4,2130.1,168.5,0
Honduras,HND,1930,0,0,150,0,0,0,0,0,0
Honduras,HND,1940,0,0,0,0,0,0,0,0,0
Honduras,HND,1950,0,0,0,0,0,0,0,0,0
Honduras,HND,1960,0,0,27.5,0,0,0,0,0,0
Honduras,HND,1970,0,0,800,280,0,0,0,2.1,0
Honduras,HND,1980,0,0,13,0,1,0,0,1.9,0
Honduras,HND,1990,0,0,1461.9,0,0,0,0,62.4,0
Honduras,HND,2000,0,0,7.5,0,0,0,0.7,10.6,0
Honduras,HND,2010,0,0,2.6,0,0,0,0,18.9,0
Hong Kong,HKG,1900,0,0,1000,0,0,0,0,0,0
Hong Kong,HKG,1910,0,0,0,0,0,0,0,0,0
Hong Kong,HKG,1920,0,0,10,0,0,0,0,0,0
Hong Kong,HKG,1930,0,0,1100,0,0,0,0,0,0
Hong Kong,HKG,1940,0,0,200,0,0,0,0,0,0
Hong Kong,HKG,1950,0,0,5.1,0,0,0,0,0,0
Hong Kong,HKG,1960,0,0,32.5,8.6,0,0,0,8,0
Hong Kong,HKG,1970,0,0,18,10,0,0,0,14.1,0
Hong Kong,HKG,1980,1,0,4.5,2.5,0,0,0,0.5,0
Hong Kong,HKG,1990,0,0,3.4,0.1,0,0,0,8.6,0
Hong Kong,HKG,2000,0,0,0.6,0,0,0,0,0,0
Hong Kong,HKG,2010,0,0,0.1,0,0,0,0,0,0
Hungary,HUN,1970,0,0,0,0,0,0,0,30,0
Hungary,HUN,1980,0,0,0.4,0,0,0,0,0,0
Hungary,HUN,1990,0,0,4,0,0,0,0,0.8,0
Hungary,HUN,2000,64.6,0,1.6,0,0,0,0,0.1,0
Hungary,HUN,2010,19.5,0,0,0,0,0,0,0.1,0
Iceland,ISL,1970,0,0,0,1.2,0,0,0.1,0,0
Iceland,ISL,1980,0,0,0,0.4,0,0,0,0,0
Iceland,ISL,1990,0,0,0,3.4,0,0,0,0,0
Iceland,ISL,2000,0,0,0,0,0,0,0,0,0
Iceland,ISL,2010,0,0,0,0,0,0,0,0,0
India,IND,1900,0,0,0,0,0,0,2000,0,125000
India,IND,1910,0,0,30,0,0,0,0,0,0
India,IND,1920,0,0,200.7,0,0,0,0,3.6,0
India,IND,1930,0,0,6033.3,0,0,0,0,0,0
India,IND,1940,0,0,4630.4,50,0,0,0,0,150000
India,IND,1950,105.1,0,296,10.9,0,0,161.3,118.8,0
India,IND,1960,50,0,265.2,100,0,0,19.2,1069.8,150000
India,IND,1970,81.1,0,2635,33.6,0,0,7.3,838.3,0
India,IND,1980,212.4,0,390.9,91.6,4.5,0,42.1,1235.1,30
India,IND,1990,403.9,0.6,1809.1,122.3,0,0,1139.1,1323.1,0
India,IND,2000,501.9,0,100.8,66.4,0,0,3770.5,1366.6,2
India,IND,2010,443.1,2.4,273.5,28.7,1.6,0,22.1,1393.6,0
Indonesia,IDN,1910,0,0,0,0,0,500,1515.8,0,0
Indonesia,IDN,1920,0,0,0,0,0,0,96.5,0,0
Indonesia,IDN,1930,0,0,0,0,0,266.9,3.2,0,0
Indonesia,IDN,1940,0,0,0,0,0,0,21.3,0,0
Indonesia,IDN,1950,0,0,30,40.5,0,133.7,2.4,11.4,0
Indonesia,IDN,1960,0,0,0,0,0,277.8,47.4,34.8,800
Indonesia,IDN,1970,0,0,168.6,2.3,0,29.7,195.2,50.1,6.3
Indonesia,IDN,1980,0,0,0.2,44.5,13.1,22.9,57.8,132.6,59.4
Indonesia,IDN,1990,0,30,0,22,0,13.3,332.1,79.3,67.2
Indonesia,IDN,2000,0,0,0.4,102.6,0,0.2,17492.1,279,0
Indonesia,IDN,2010,0,1.9,3.2,55.8,0,81.8,551.2,122.8,1.1
Iran,IRN,1900,0,0,0,0,0,0,535,0,0
Iran,IRN,1910,0,0,0,0,0,0,70,0,0
Iran,IRN,1920,0,0,0,0,0,0,640,0,0
Iran,IRN,1930,0,0,0,0,0,0,319.2,0,0
Iran,IRN,1940,0,0,0,0,0,0,137,0,0
Iran,IRN,1950,15.8,0,0,0,0,0,708.6,413.1,0
Iran,IRN,1960,0,0,0,0,0,0,2334.8,9.2,0
Iran,IRN,1970,0,0,7.4,4.3,0,0,3197.3,0,0
Iran,IRN,1980,0,0,20,0,0,0,338.8,153.4,0
Iran,IRN,1990,0,0,3.1,5.3,0,0,4287.5,126.6,0
Iran,IRN,2000,0,0,4.3,2,0,0,2775.7,74.4,0
Iran,IRN,2010,0,0,0.4,0,0,0,82.7,24.1,0
Iraq,IRQ,1950,0,0,0,0,0,0,0,0,0
Iraq,IRQ,1960,0,0,0,0,0,0,0,0,0
Iraq,IRQ,1970,0,0,0,0,0,0,0,0,0
Iraq,IRQ,1980,0,0,0,0,0,0,0,0,0
Iraq,IRQ,1990,0,0,0,0,0,0,2,0,0
Iraq,IRQ,2000,0,0,0,0,0,0,0,2.6,0
Iraq,IRQ,2010,0,0,0,0,0,0,1,11,0
Ireland,IRL,1980,0,0,2.1,0,0,0,0,0,0
Ireland,IRL,1990,0,0,1.4,0,0,0,0,0.3,0
Ireland,IRL,2000,0,0,0.1,0,0,0,0,0,0
Ireland,IRL,2010,0,0,0.4,0,0,0,0,0.2,0
Israel,ISR,1900,0,0,0,0,0,0,2,0,0
Israel,ISR,1910,0,0,0,0,0,0,0,0,0
Israel,ISR,1920,0,0,0,0,0,0,0,0,0
Israel,ISR,1930,0,0,0,0,0,0,0,0,0
Israel,ISR,1940,0,0,0,0,0,0,0,0,0
Israel,ISR,1950,0,0,0,0,0,0,0,0,0
Israel,ISR,1960,0,0,0,0,0,0,0,0,0
Israel,ISR,1970,0,0,0,2,0,0,0,0,0
Israel,ISR,1980,0,0,0,0,0,0,0,0,0
Israel,ISR,1990,0,0,0.5,0,0,0,0,1.5,0
Israel,ISR,2000,0,0,0.3,0,0,0,0,0,0
Israel,ISR,2010,0,4.4,0.4,0,0,0,0,1.4,0
Italy,ITA,1900,0,0,0,0,0,70,7555.7,0,0
Italy,ITA,1910,0,0,0,0,0,0,3010,0,0
Italy,ITA,1920,0,0,0,10,0,0,140,0,0
Italy,ITA,1930,0,0,0,0,0,0,191.1,1,0
Italy,ITA,1940,0,0,8,2.5,0,2.6,0,0,0
Italy,ITA,1950,0,0,0,29.7,0,0,0,26.3,0
Italy,ITA,1960,0,0,3.7,192.9,0,0,24,19.7,0
Italy,ITA,1970,0,0,7.4,1.2,0,0.9,98,6,0
Italy,ITA,1980,0,0.7,3.3,5.7,0,0,470.5,33.1,0
Italy,ITA,1990,1,0.1,3.9,16.1,0,0,3.5,8.7,0
Italy,ITA,2000,2010.4,1.3,0.6,0.4,0,0,32.7,9.7,0
Italy,ITA,2010,5.9,0,3.8,0.3,0,0,35.2,6.6,0
Jamaica,JAM,1900,0,0,6.5,5.3,0,0,120,30,0
Jamaica,JAM,1910,0,0,19.9,0,0,0,0,0,0
Jamaica,JAM,1920,0,0,0.4,0,0,0,0,0,0
Jamaica,JAM,1930,0,0,1,0,4,0,0,16.4,0
Jamaica,JAM,1940,0,0,3.2,0,0,0,0,12.5,0
Jamaica,JAM,1950,0,0,15.4,0,0,0,0,0,0
Jamaica,JAM,1960,0,0,1.1,0,0,0,0,0,0
Jamaica,JAM,1970,0,0,0.6,0,0,0,0,4.4,0
Jamaica,JAM,1980,0,0,6.2,0,0,0,0,6.3,0
Jamaica,JAM,1990,0,0,0.4,0,0,0,0,2.4,0
Jamaica,JAM,2000,0,0,4.5,0,0,0,0,1,0
Jamaica,JAM,2010,0,0,1.6,0,0,0,0,0,0
Japan,JPN,1900,0,0,0,0,0,15.5,11.1,0,0
Japan,JPN,1910,0,0,500,0,0,14,10.6,137.9,0
Japan,JPN,1920,0,0,300,20,0,14.4,14644.4,0,0
Japan,JPN,1930,0,0,300.6,0,0,0,328.6,93.3,0
Japan,JPN,1940,0,0,761.2,0,0,0,1206,299,0
Japan,JPN,1950,0,0,1184.3,11.3,0,2.9,3.3,543.3,0
Japan,JPN,1960,0,0,150.3,10.8,0,0,22,119.5,0
Japan,JPN,1970,0,0,91.6,12.7,0,0.3,8.3,49.4,0
Japan,JPN,1980,0,0,65.2,29.2,0,0,23.7,41.6,0
Japan,JPN,1990,0,0,35.1,11.8,0,4.4,554.5,10.3,0
Japan,JPN,2000,13.5,0,44.6,4.4,0,0,8.1,11.3,0
Japan,JPN,2010,91.3,0,58.9,8.2,0,6.3,1995.2,37.5,0
Jordan,JOR,1920,0,0,0,0,0,0,26.8,0,0
Jordan,JOR,1930,0,0,0,0,0,0,0,0,0
Jordan,JOR,1940,0,0,0,0,0,0,0,0,0
Jordan,JOR,1950,0,0,0,0,0,0,0,0,0
Jordan,JOR,1960,0,0,0,0,0,0,0,29.2,0
Jordan,JOR,1970,0,0,0,0,0,0,0,0,0
Jordan,JOR,1980,0,0,0,0,0,0,0,0.9,0
Jordan,JOR,1990,1.5,0,0.2,0,0,0,0,1,0
Jordan,JOR,2000,0,0,1.4,0,0,0,0,0,0
Jordan,JOR,2010,0,0,0,0,0,0,0,3.4,0
Kazakhstan,KAZ,1910,0,0,0,0,0,0,45,0,0
Kazakhstan,KAZ,1920,0,0,0,0,0,0,0,0,0
Kazakhstan,KAZ,1930,0,0,0,0,0,0,0,0,0
Kazakhstan,KAZ,1940,0,0,0,0,0,0,0,0,0
Kazakhstan,KAZ,1950,0,0,0,0,0,0,0,0,0
Kazakhstan,KAZ,1960,0,0,0,0,0,0,0,0,0
Kazakhstan,KAZ,1970,0,0,0,0,0,0,0,0,0
Kazakhstan,KAZ,1980,0,0,0,0,0,0,0,0,0
Kazakhstan,KAZ,1990,0,0,11.2,0,0,0,0,1,0
Kazakhstan,KAZ,2000,0.3,0,0,4.8,0,0,0.3,0.1,0
Kazakhstan,KAZ,2010,0,0,0,0,0,0,0,5.3,0
Kenya,KEN,1960,0,0,0,0,0,0,0,0,0
Kenya,KEN,1970,0,0,0,0,0,0,0,10,0
Kenya,KEN,1980,0,0,5,0,0,0,0,7.5,0
Kenya,KEN,1990,0,0,0,0,0,0,0,17,8.5
Kenya,KEN,2000,0,0,0,4.6,0,0,0.1,55.1,11.1
Kenya,KEN,2010,0,0,0,10.7,0,0,0,85.8,0
Kiribati,KIR,1970,0,0,0.3,0,0,0,0,0,0
Kiribati,KIR,1980,0,0,0,0,0,0,0,0,0
Kiribati,KIR,1990,0,0,0,0,0,0,0,0,0
Kiribati,KIR,2000,0,0,0,0,0,0,0,0,0
Kiribati,KIR,2010,0,0,0,0,0,0,0,0,0
Kuwait,KWT,1990,0,0,0,0,0,0,0,0.2,0
Kuwait,KWT,2000,0,0,0,0,0,0,0,0,0
Kuwait,KWT,2010,0,0,0,0,0,0,0,0.1,0
Kyrgyzstan,KGZ,1990,0,0,0,16.2,0,0,5.8,0.1,0
Kyrgyzstan,KGZ,2000,1.1,0,0.4,8.7,0,0,7.4,0.3,0
Kyrgyzstan,KGZ,2010,1.6,0,0,2.4,0,0,0,0,0
Laos,LAO,1960,0,0,0,0,0,0,0,30.2,0
Laos,LAO,1970,0,0,0,0,0,0,0,4.5,0
Laos,LAO,1980,0,0,0,0,0,0,0,1.4,0
Laos,LAO,1990,0,0,5.6,0,0,0,0,4,0
Laos,LAO,2000,0,0,1.6,0,0,0,0,3.3,0
Laos,LAO,2010,0,0,0,0,0,0,0,23.5,0
Latvia,LVA,1990,0,0,0.6,0,0,0,0,0,0
Latvia,LVA,2000,7.6,0,0,0,0,0,0,0,0
Latvia,LVA,2010,1,0,0,0,0,0,0,0,0
Lebanon,LBN,1950,0,0,0,0,0,0,13.6,44,0
Lebanon,LBN,1960,0,0,0,0,0,0,0,0,0
Lebanon,LBN,1970,0,0,0,0,0,0,0,0,0
Lebanon,LBN,1980,0,0,0,0,2,0,0,0,0
Lebanon,LBN,1990,0,0,2.5,0,0,0,0,0,0
Lebanon,LBN,2000,0,0.1,0,0,0,0,0,0,0
Lebanon,LBN,2010,0,0,2.3,0,0,0,0,0,0
Lesotho,LSO,1960,0,0,0,0,0,0,0,0,0
Lesotho,LSO,1970,0,0,0,0,0,0,0,0,0
Lesotho,LSO,1980,0,0,0,0,0,0,0,1.8,0
Lesotho,LSO,1990,0,0,0,0,0,0,0,2.2,0
Lesotho,LSO,2000,0,0,0.1,0,0,0,0,0,0
Lesotho,LSO,2010,0,0,0,0,0,0,0,2.6,0
Liberia,LBR,1980,0,0,0,0,4.6,0,0,0,0
Liberia,LBR,1990,0,0,0,0,0,0,0,1,0
Liberia,LBR,2000,0,0,0,0,0,0,0,0.3,0
Liberia,LBR,2010,0,0,0,0,0,0,0,0.1,0
Libya,LBY,1960,0,0,0,0,0,0,30,0,0
Libya,LBY,1970,0,0,0,0,0,0,0,0,0
Libya,LBY,1980,0,0,0,0,0,0,0,0,0
Libya,LBY,1990,0,0,0,0,0,0,0,0,0
Libya,LBY,2000,0,0,0,0,0,0,0,0,0
Libya,LBY,2010,0,0,0,0,0,0,0,2,0
Lithuania,LTU,1990,3.2,0,0.8,0,0,0,0,0,0
Lithuania,LTU,2000,2,0,0,0,0,0,0,0,0
Lithuania,LTU,2010,4,0,0,0,0,0,0,0.4,0
Low income,,1900,0,0,15,0,0,0,0,0,0
Low income,,1910,0,0,160,0,0,0,9,0,8500
Low income,,1920,0,0,0,0,0,0,0,0,0
Low income,,1930,0,0,215,0,0,0,17.5,0,0
Low income,,1940,0,0,0,0,0,0,0,0,0
Low income,,1950,0,0,51.7,26.2,0,0,210.6,10.1,0
Low income,,1960,0,0,569,15.4,0,0,18.2,83.4,205
Low income,,1970,0,0,29.3,10,0,21.1,6.1,129,11900
Low income,,1980,0,0,100.9,7,4.6,0,79.7,89.2,55445.4
Low income,,1990,22.4,5,212.2,116.7,2.5,0,745.5,832.3,15.4
Low income,,2000,166.5,5,525.4,30.6,0,21.1,166,968.1,75.6
Low income,,2010,6.2,6.1,271.9,313.1,0,0,22281.5,625.6,2000
Lower middle income,,1900,0,0,101.2,0,0,1.7,2033.1,0,126100
Lower middle income,,1910,0,0,30,0,0,133.5,11.2,0,0
Lower middle income,,1920,0,0,471.9,0,0,0,2.9,303.6,2400
Lower middle income,,1930,0,0,6611.8,0,0,50.6,6305.9,0,0
Lower middle income,,1940,0,0,11413.7,50,0,0,436.3,0,345000
Lower middle income,,1950,116.2,0,793.3,15.7,0,358.4,912.1,512.5,0
Lower middle income,,1960,50,0,11636,119.4,15,35.8,1278.6,2380.3,150000
Lower middle income,,1970,89.5,0.2,34904.5,372.6,0,0.1,2116.9,4210.7,1.8
Lower middle income,,1980,229.4,1.2,3474.9,156.4,56.2,178.3,536.1,2441.2,80
Lower middle income,,1990,559.6,14.6,19608.1,273.5,3.5,72.9,1768.5,3073.1,29.6
Lower middle income,,2000,798.8,1,15517.5,401.3,11.9,0.3,15101.5,2745.3,19.1
Lower middle income,,2010,677.3,3.6,1811.2,199,4.6,0,1079.6,2872.6,10.1
Luxembourg,LUX,1980,0,0,0,0,0,0,0,0,0
Luxembourg,LUX,1990,0,0,0,0,0,0,0,0,0
Luxembourg,LUX,2000,17,0,0,0,0,0,0,0,0
Luxembourg,LUX,2010,0,0,0,0,0,0,0,0,0
Macao,MAC,1990,0,0,0,0,0,0,0,0,0
Macao,MAC,2000,0,0,0,0,0,0,0,0,0
Macao,MAC,2010,0,0,1,0,0,0,0,0,0
Madagascar,MDG,1960,0,0,11,0,0,0,0,0,0
Madagascar,MDG,1970,0,0,26.4,0,0,0,0,0,0
Madagascar,MDG,1980,0,0,45.4,0,0,0,0,0,20
Madagascar,MDG,1990,0,0,43.1,0,0,0,0,0,0
Madagascar,MDG,2000,0,0,95.8,0,0,0,0,5.2,0
Madagascar,MDG,2010,0,0,61.3,0,0,0,0,3.5,0
Malawi,MWI,1960,0,0,0,0,0,0,0,0,0
Malawi,MWI,1970,0,0,0,0,0,0,0,0,0
Malawi,MWI,1980,0,0,0,0,0,0,0.9,1.3,0
Malawi,MWI,1990,0,0,0,0,0,0,0,47.7,0
Malawi,MWI,2000,0,0,1.1,0,0,0,0.4,9.1,50
Malawi,MWI,2010,0,0,0.5,0.8,0,0,0,36.6,0
Malaysia,MYS,1960,0,0,2.1,0,0,0,0,5.6,0
Malaysia,MYS,1970,0,0,0,0,0,0,0,6.1,0
Malaysia,MYS,1980,0,0,0,0,0,0,0,5.1,0
Malaysia,MYS,1990,0,0,27.2,7,7.2,0,0,3.1,0
Malaysia,MYS,2000,0,0,0.3,1,0,0,8,11.2,0
Malaysia,MYS,2010,0,0,0,1.6,0,0,2.4,3.7,0
Maldives,MDV,1980,0,0,0,0,0,0,0,0,0
Maldives,MDV,1990,0,0,0,0,0,0,0,0,0
Maldives,MDV,2000,0,0,0,0,0,0,10.2,0,0
Maldives,MDV,2010,0,0,0,0,0,0,0,0,0
Mali,MLI,1910,0,0,0,0,0,0,0,0,0
Mali,MLI,1920,0,0,0,0,0,0,0,0,0
Mali,MLI,1930,0,0,0,0,0,0,0,0,0
Mali,MLI,1940,0,0,0,0,0,0,0,0,0
Mali,MLI,1950,0,0,0,0,0,0,0,0,0
Mali,MLI,1960,0,0,0,0,0,0,0,0,0
Mali,MLI,1970,0,0,0,0,0,0,0,0,0
Mali,MLI,1980,0,0,0,0,0,0,0,1.8,0
Mali,MLI,1990,0,0,0,0,0,0,0,0.5,0
Mali,MLI,2000,0,0,0,0,0,0,0,6.3,0
Mali,MLI,2010,0,0,0,0,0,0,0,7.1,0
Marshall Islands,MHL,1990,0,0,0,0,0,0,0,0,0
Marshall Islands,MHL,2000,0,0,0,0,0,0,0,0,0
Marshall Islands,MHL,2010,0,0,0,0,0,0,0,0,0
Martinique,MTQ,1900,0,0,0,0,0,3000,0,0,0
Martinique,MTQ,1910,0,0,0,0,0,0,0,0,0
Martinique,MTQ,1920,0,0,0,0,0,0,0,0,0
Martinique,MTQ,1930,0,0,0,0,0,0,0,0,0
Martinique,MTQ,1940,0,0,0,0,0,0,0,0,0
Martinique,MTQ,1950,0,0,0,0,0,0,0,0,0
Martinique,MTQ,1960,0,0,2.5,0,0,0,0,0,0
Martinique,MTQ,1970,0,0,4.5,0,0,0,0,0,0
Martinique,MTQ,1980,0,0,0,0,0,0,0,0,0
Martinique,MTQ,1990,0,0,1,0,0,0,0,0,0
Martinique,MTQ,2000,0,0,0.1,0,0,0,0.1,0,0
Martinique,MTQ,2010,0,0,0.1,0,0,0,0,0,0
Mauritania,MRT,1910,0,0,0,0,0,0,0,0,0
Mauritania,MRT,1920,0,0,0,0,0,0,0,0,0
Mauritania,MRT,1930,0,0,0,0,0,0,0,0,0
Mauritania,MRT,1940,0,0,0,0,0,0,0,0,0
Mauritania,MRT,1950,0,0,0,0,0,0,0,0,0
Mauritania,MRT,1960,0,0,0,0,0,0,0,0,0
Mauritania,MRT,1970,0,0,0,0,0,0,0,0,0
Mauritania,MRT,1980,0,0,0,0,0,0,0,0,0
Mauritania,MRT,1990,0,0,0.5,0,0,0,0,0,0
Mauritania,MRT,2000,0,0,0,0,0,0,0,4.5,0
Mauritania,MRT,2010,0,0,1.8,0,0,0,0,1.1,0
Mauritius,MUS,1960,0,0,4.2,0,0,0,0,0,0
Mauritius,MUS,1970,0,0,1.6,0,0,0,0,0,0
Mauritius,MUS,1980,0,0,0.2,0,0,0,0,0,0
Mauritius,MUS,1990,0,0,0.5,0,0,0,0,0,0
Mauritius,MUS,2000,0,0,0.5,0,0,0,0,0,0
Mauritius,MUS,2010,0,0,0,0,0,0,0,1.1,0
Mexico,MEX,1910,0,0,0,0,0,0,4.5,0,0
Mexico,MEX,1920,0,6,0,0,0,0,64.8,0,0
Mexico,MEX,1930,0,0,0,0,0,0,43.4,0,0
Mexico,MEX,1940,0,0,0,0,0,100,0,0,0
Mexico,MEX,1950,0,0,181,10,0,0,18.5,214,0
Mexico,MEX,1960,9,0,61.9,1.8,0,0,7.8,2.7,0
Mexico,MEX,1970,0,0,78.9,0,0,0,57,20.8,0
Mexico,MEX,1980,2.3,0,89.2,5,0,10,959.4,20.5,0
Mexico,MEX,1990,91.6,5,78.4,2.4,0,2,11.1,121.9,0
Mexico,MEX,2000,15.6,0,14.4,6.9,0,0,2.9,34.4,0
Mexico,MEX,2010,0.3,0,49.4,7.1,0,0,47.6,21.5,0
Micronesia,,1980,0,0,0.5,0,0,0,0,0,0
Micronesia,,1990,0,0,0,0,0,0,0,0,0
Micronesia,,2000,0,0,4.8,0,0,0,0,0,0
Micronesia,,2010,0,0,0.5,0,0,0,0,0,0
Moldova,MDA,1990,0,0,0.3,0,0,0,0,5.6,0
Moldova,MDA,2000,1.3,0,0,0,0,0,0,0.4,0.2
Moldova,MDA,2010,1,0,0,0,0,0,0,0.1,0
Mongolia,MNG,1950,0,0,0,0,0,0,120,0,0
Mongolia,MNG,1960,0,0,0,0,0,0,0,5.7,0
Mongolia,MNG,1970,0,0,0,0,0,0,0,0,0
Mongolia,MNG,1980,0,0,0,0,0,0,0,0,0
Mongolia,MNG,1990,0,2.5,4.9,0,0,0,0,4.6,0
Mongolia,MNG,2000,0.5,0,9.4,0,0,0,0,4.1,0
Mongolia,MNG,2010,0,0,0,1.7,0,0,0,1.2,0
Montenegro,MNE,2000,0,0,0,0,0,0,0,0,0
Montenegro,MNE,2010,0.1,0,0,0,0,0,0,0,0
Montserrat,MSR,1920,0,0,0,0,0,0,0,0,0
Montserrat,MSR,1930,0,0,0,0,0,0,0,0,0
Montserrat,MSR,1940,0,0,0,0,0,0,0,0,0
Montserrat,MSR,1950,0,0,0,0,0,0,0,0,0
Montserrat,MSR,1960,0,0,0,0,0,0,0,0,0
Montserrat,MSR,1970,0,0,0,0,0,0,0,0,0
Montserrat,MSR,1980,0,0,1.1,0,0,0,0,0,0
Montserrat,MSR,1990,0,0,0,0,0,3.2,0,0,0
Montserrat,MSR,2000,0,0,0,0,0,0,0,0,0
Morocco,MAR,1900,0,0,0,0,0,0,10,0,0
Morocco,MAR,1910,0,0,0,0,0,0,0,0,0
Morocco,MAR,1920,0,0,0,0,0,0,0,0,0
Morocco,MAR,1930,0,0,0,0,0,0,0,0,0
Morocco,MAR,1940,0,0,0,0,0,0,0,0,0
Morocco,MAR,1950,0,0,0,0,0,0,0,16.1,0
Morocco,MAR,1960,0,0,0,0,0,0,1201.1,32,0
Morocco,MAR,1970,0,0,0,0,0,0,0,3.7,0
Morocco,MAR,1980,0,0,0,0.1,3.1,0,0,0,0
Morocco,MAR,1990,0,0,1.4,0,0,0,0,87.6,0
Morocco,MAR,2000,0,0,0.1,0,0,0,62.8,22.1,0
Morocco,MAR,2010,0,0,4.9,1.5,0,0,0,7.7,0
Mozambique,MOZ,1950,0,0,10.7,0,0,0,0,0,0
Mozambique,MOZ,1960,0,0,0,0,0,0,0,0,0
Mozambique,MOZ,1970,0,0,0.7,0,0,0,0,84.1,0
Mozambique,MOZ,1980,0,0,20.9,0,0,0,0,1,10005
Mozambique,MOZ,1990,0,0,25.1,8.7,0,0,0,5.8,0
Mozambique,MOZ,2000,0,4.9,6.5,0,0,0,0.4,101.2,1.8
Mozambique,MOZ,2010,0,0,71.2,1.7,0,0,0,44.7,0
Myanmar,MMR,1900,0,0,60,0,0,0,0,0,0
Myanmar,MMR,1910,0,0,0,0,0,0,0,0,0
Myanmar,MMR,1920,0,0,270.6,0,0,0,0,0,0
Myanmar,MMR,1930,0,0,100,0,0,0,58.6,0,0
Myanmar,MMR,1940,0,0,0,0,0,0,1.5,0,0
Myanmar,MMR,1950,0,0,0,0,0,0,0,0,0
Myanmar,MMR,1960,0,0,144.8,0,0,0,0,3.4,0
Myanmar,MMR,1970,0,0,20,0,0,0,0,9.3,0
Myanmar,MMR,1980,0,0.8,1.1,0,0,0,0,0,0
Myanmar,MMR,1990,0,0,1.7,0,0,0,0,16.9,0
Myanmar,MMR,2000,0,0,13863.6,4.1,0,0,7.1,10.2,0
Myanmar,MMR,2010,0,0,8,19.2,1.7,0,11.6,50.4,0
Namibia,NAM,1980,0,0,0,0,0,0,0,0,0
Namibia,NAM,1990,0,0,0,0,0,0,0,0,0
Namibia,NAM,2000,0,0,0,0,0,0,0,14.8,0
Namibia,NAM,2010,0,0,0,0,0,0,0,11.6,0
Nepal,NPL,1950,0,0,0,0,0,0,0,6,0
Nepal,NPL,1960,0,0,0,0,15,0,8,27.6,0
Nepal,NPL,1970,0,0,0,40.1,0,0,0,48,0
Nepal,NPL,1980,0,0,7.1,17.6,0,0,80.9,151.1,0
Nepal,NPL,1990,0,8.8,2.6,22.8,0,0,0,253.7,0
Nepal,NPL,2000,12.6,0,0,80.1,0,0,0,106.5,0
Nepal,NPL,2010,14.1,1.1,11.1,28.8,0,0,897.6,132.3,0
Netherlands,NLD,1950,0,0,0,0,0,0,0,200,0
Netherlands,NLD,1960,0,0,0,0,0,0,0,0,0
Netherlands,NLD,1970,0,0,0,0,0,0,0,0,0
Netherlands,NLD,1980,0,0,0,0,0,0,0,0,0
Netherlands,NLD,1990,0,0,2.3,0,0,0,0,0.1,0
Netherlands,NLD,2000,196.5,0,1.1,0,0,0,0,0,0
Netherlands,NLD,2010,40.1,0,0.5,0,0,0,0,0,0
Netherlands Antilles,ANT,1950,0,0,0,0,0,0,0,0,0
Netherlands Antilles,ANT,1960,0,0,0,0,0,0,0,0,0
Netherlands Antilles,ANT,1970,0,0,0,0,0,0,0,0,0
Netherlands Antilles,ANT,1980,0,0,1.1,0,0,0,0,0,0
Netherlands Antilles,ANT,1990,0,0,0.2,0,0,0,0,0,0
New Caledonia,NCL,1930,0,0,0.3,0,0,0,0,0,0
New Caledonia,NCL,1940,0,0,0.2,0,0,0,0,0,0
New Caledonia,NCL,1950,0,0,0.4,0,0,0,0,0,0
New Caledonia,NCL,1960,0,0,0,0,0,0,0,0,0
New Caledonia,NCL,1970,0,0,0.3,0,0,0,0,0,0
New Caledonia,NCL,1980,0,0,0.6,0,0,0,0,0,0
New Caledonia,NCL,1990,0,0,0,0,0,0,0,0,0
New Caledonia,NCL,2000,0,0,0.2,0,0,0,0,0,0
New Zealand,NZL,1910,0,0,0,0,0,0,0,0,0
New Zealand,NZL,1920,0,0,0,0,0,0,1.7,0,0
New Zealand,NZL,1930,0,0,0,0,0,0,25.6,2.1,0
New Zealand,NZL,1940,0,0,0,0,0,0,0,0,0
New Zealand,NZL,1950,0,0,0,0,0,15,0,0,0
New Zealand,NZL,1960,0,0,5,0,0,0,0.3,0,0
New Zealand,NZL,1970,0,0,0,0,0,0,0,0,0
New Zealand,NZL,1980,0,0,1.1,0,0,0,0.1,0.6,0
New Zealand,NZL,1990,0,0,2.4,0,0,0,0,0,0
New Zealand,NZL,2000,0,0,0.3,0,0,0,0,0.4,0
New Zealand,NZL,2010,0,0,0.3,0,0,2.1,18.4,0.1,0
Nicaragua,NIC,1930,0,0,0,0,0,0,200,0,0
Nicaragua,NIC,1940,0,0,0,0,0,0,0,0,0
Nicaragua,NIC,1950,0,0,0,0,0,0,50,0,0
Nicaragua,NIC,1960,0,0,0,0,0,0,0,32.5,0
Nicaragua,NIC,1970,0,0,3.5,0,0,0,1000,1.6,0
Nicaragua,NIC,1980,0,0,20.1,0,0,0,0,0,0
Nicaragua,NIC,1990,0,0,345.1,0,0,0.1,17.9,1.5,0
Nicaragua,NIC,2000,0,0,22.8,2.9,0,0,0.7,2.7,0
Nicaragua,NIC,2010,0,0,2,0,0,0,0.2,13.2,0
Niger,NER,1900,0,0,0,0,0,0,0,0,0
Niger,NER,1910,0,0,0,0,0,0,0,0,8500
Niger,NER,1920,0,0,0,0,0,0,0,0,0
Niger,NER,1930,0,0,0,0,0,0,0,0,0
Niger,NER,1940,0,0,0,0,0,0,0,0,0
Niger,NER,1950,0,0,0,0,0,0,0,0,0
Niger,NER,1960,0,0,0,0,0,0,0,0,0
Niger,NER,1970,0,0,0,0,0,0,0,0,0
Niger,NER,1980,0,0,0,0,0,0,0,2,0
Niger,NER,1990,0,0,0,0,0,0,0,7.4,0
Niger,NER,2000,0,0,0.4,0,0,0,0,3.4,0
Niger,NER,2010,0,0,0,0,0,0,0,42.8,0
Nigeria,NGA,1970,0,0,10,0,0,0,0,0,0
Nigeria,NGA,1980,0,0,0,0,0,0,0,13,0
Nigeria,NGA,1990,1.8,0,10,0,0,0,0,13.4,0
Nigeria,NGA,2000,6,0,0,3.2,0,0,0,53.6,0
Nigeria,NGA,2010,0,0,5.4,0,0,0,0,103.8,0
North America,,1900,0,0,700.2,5.3,12.7,3856.5,390,62.2,0
North America,,1910,0,107.3,364.8,11.8,0,0,526.7,0,0
North America,,1920,0,10.3,605.8,0,0,0,70.1,24.6,0
North America,,1930,169.3,0,1582.2,20,4,0,295,50.1,0
North America,,1940,0,12.1,119.1,0,0,100,25.5,4018,0
North America,,1950,17.6,1.1,517.8,36.2,0.3,0,187.2,233.9,0
North America,,1960,50.2,0,1219.4,4.4,0,10.2,40.2,112.9,0
North America,,1970,3.2,0,1185.6,320,3.1,0.4,3365.7,117.1,0
North America,,1980,168.3,0.1,359.3,19.8,1,19,1080.8,247.6,0
North America,,1990,207.2,9.8,2355.3,9.7,2.3,5.3,45.2,257.8,0
North America,,2000,55,5.6,977.4,30.9,3.6,0.2,126,470.7,4.1
North America,,2010,26.8,21.6,450,57.5,0,46.1,22311.8,129.6,0
North Korea,PRK,1980,0,0,0,0,0,0,0,31.5,0
North Korea,PRK,1990,0,0,0.6,0,0,0,0,27.6,0
North Korea,PRK,2000,0,0,4.9,0,0,0,0,122.9,0
North Korea,PRK,2010,0,0,18,0,0,0,0,93.6,0
North Macedonia,MKD,1990,0,0,0,0,0,0,0,0,0
North Macedonia,MKD,2000,3,0.1,0.1,0,0,0,0,0.2,0
North Macedonia,MKD,2010,0.4,0,0,0,0,0,0,3,0
Northern Mariana Islands,MNP,2000,0,0,0.3,0,0,0,0,0,0
Northern Mariana Islands,MNP,2010,0,0,0.2,0,0,0,0,0,0
Norway,NOR,1930,0,0,0,7.3,0,0,0,0,0
Norway,NOR,1940,0,0,0,0,0,0,0,0,0
Norway,NOR,1950,0,0,0,0,0,0,0,0,0
Norway,NOR,1960,0,0,0,0,0,0,0,0,0
Norway,NOR,1970,0,0,0,0,0,0,0,0,0
Norway,NOR,1980,0,0,0,0,0,0,0,0,0
Norway,NOR,1990,0,0,0,0,0,0,0,0.1,0
Norway,NOR,2000,0,0,0,0,0,0,0,0,0
Norway,NOR,2010,0,0,0.4,0.1,0,0,0,0,0
Oceania,,1910,0,0,0,0,0,0,0,0,0
Oceania,,1920,0,0,0,0,0,0,1.7,0,0
Oceania,,1930,0,7.1,20.3,0,0,50.6,30.6,2.1,0
Oceania,,1940,0,4.9,0.8,0,0,0,0,0,0
Oceania,,1950,0,0,32.7,0,0,315,300,7,0
Oceania,,1960,0,7.4,42.6,0,0,0,0.3,0.1,60
Oceania,,1970,0,0.3,25.7,11.3,0,0,26.8,6,0
Oceania,,1980,0,8.6,29.6,1.1,7.6,0,2.5,16.2,0
Oceania,,1990,2.3,0.7,24.6,27.9,0,0.9,225.2,4,6
Oceania,,2000,34.7,20.2,30,8.3,1,0,25.1,9.3,0
Oceania,,2010,13.9,4.1,14.8,7,0,2.1,37.5,12.1,2.4
Oman,OMN,1970,0,0,10.7,0,0,0,0,0,0
Oman,OMN,1980,0,0,2.6,0,0,0,0,0,0
Oman,OMN,1990,0,0,0,0,0,0,0,0,0
Oman,OMN,2000,0,0,11.3,0,0,0,0,0,0
Oman,OMN,2010,0,0,3.6,0,0,0,0,1.1,0
Pakistan,PAK,1900,0,0,0,0,0,0,23.1,0,0
Pakistan,PAK,1910,0,0,0,0,0,0,0,0,0
Pakistan,PAK,1920,0,0,0,0,0,0,0,0,0
Pakistan,PAK,1930,0,0,0,0,0,0,6000,0,0
Pakistan,PAK,1940,0,0,0,0,0,0,400,0,0
Pakistan,PAK,1950,11.1,0,0,4.8,0,0,1.2,369.1,0
Pakistan,PAK,1960,0,0,1045,0,0,0,0,3.2,0
Pakistan,PAK,1970,8.4,0,0,0,0,0,480,206.6,0
Pakistan,PAK,1980,0,0,12.1,9.5,5,0,28.9,51.9,0
Pakistan,PAK,1990,68.4,0,95.6,19.5,0,0,41.3,418,14.3
Pakistan,PAK,2000,52.7,0,36.9,23.9,0,0,7357.9,226.5,0
Pakistan,PAK,2010,154.8,0,13.8,21.2,1.3,0,79.2,484.5,7.7
Palau,PLW,2010,0,0,0,0,0,0,0,0,0
Palestine,PSE,2000,0,0,0,0,0,0,0,0,0
Palestine,PSE,2010,0,0,0.5,0,0,0,0,0.5,0
Panama,PAN,1960,0,0,0.1,0,0,0,0,2,0
Panama,PAN,1970,0,0,0,0,0,0,0,7.4,0
Panama,PAN,1980,0,0,3,0,0,0,0,0.3,0
Panama,PAN,1990,0,0,1.5,0,0,0,3,1.4,0
Panama,PAN,2000,0,0,0,0,0,0,0.2,6.6,0
Panama,PAN,2010,0,0,1.4,0,0,0,0,3,0
Papua New Guinea,PNG,1930,0,0,0,0,0,50.6,0,0,0
Papua New Guinea,PNG,1940,0,0,0,0,0,0,0,0,0
Papua New Guinea,PNG,1950,0,0,0,0,0,300,300,0,0
Papua New Guinea,PNG,1960,0,0,0,0,0,0,0,0,0
Papua New Guinea,PNG,1970,0,0,0,11.3,0,0,1.5,0,0
Papua New Guinea,PNG,1980,0,0,0,0,7.6,0,1.1,5.6,0
Papua New Guinea,PNG,1990,0,0,4.7,23.8,0,0.9,223.5,0.2,6
Papua New Guinea,PNG,2000,0,0,17.2,8.3,1,0,0.8,0.2,0
Papua New Guinea,PNG,2010,0,0,0,7,0,0,18.1,0.7,2.4
Paraguay,PRY,1960,0,0,0,0,0,0,0,0.6,0
Paraguay,PRY,1970,0,0,0,0,0,0,0,0,0
Paraguay,PRY,1980,0,0,0,0,0,0,0,7.6,0
Paraguay,PRY,1990,0,0,3.3,0,0,0,0,5.5,1.2
Paraguay,PRY,2000,0.8,0.8,0,0,0,0,0,0,0.4
Paraguay,PRY,2010,1.2,0,0.7,0,0,0,0,5.2,0
Peru,PER,1910,0,0,0,0,0,0,18.4,0,0
Peru,PER,1920,0,0,0,0,0,0,0,0,0
Peru,PER,1930,0,0,0,0,0,0,3.7,0,0
Peru,PER,1940,0,0,0,500,0,0,204.2,0,0
Peru,PER,1950,0,0,0,13,0,0,12,0,0
Peru,PER,1960,0,0,6,4.1,200,0,34.4,8.5,0
Peru,PER,1970,0,0,0,141,0,0,6694.8,27.6,0
Peru,PER,1980,1.7,0,0,123.8,0,0,5.4,78.3,0
Peru,PER,1990,2.5,0,51.8,43.8,0,0,29.2,30,0
Peru,PER,2000,77,0,5.9,18.7,0,0,74.9,29.7,0
Peru,PER,2010,120.8,0,1.6,10.5,0,0,1.8,48.7,0
Philippines,PHL,1900,0,0,24,0,0,0,0,0,0
Philippines,PHL,1910,0,0,0,0,0,133.5,10,0,0
Philippines,PHL,1920,0,0,0,0,0,0,1.7,0,0
Philippines,PHL,1930,0,0,128.5,0,0,0,0.1,0,0
Philippines,PHL,1940,0,0,133.3,0,0,0,7.2,0,0
Philippines,PHL,1950,0,0,221.7,0,0,58.4,41.3,0,0
Philippines,PHL,1960,0,0,168.8,4,0,35.8,30.3,2.9,0
Philippines,PHL,1970,0,0,624.1,2.2,0,0,602.9,84.5,0
Philippines,PHL,1980,0,0,720.3,35.3,35,0,2.1,52.5,0
Philippines,PHL,1990,0,0.2,971.7,19.3,0,71.9,250.4,109.8,0.8
Philippines,PHL,2000,0,0,714.1,172.7,1.1,0,1.5,48.9,0
Philippines,PHL,2010,0,0,1255,10.6,0,0,45.1,68.2,0
Poland,POL,1920,0,0,8.2,0,0,0,0,0,0
Poland,POL,1930,0,0,0,0,0,0,0,0,0
Poland,POL,1940,0,0,0,0,0,0,0,0,0
Poland,POL,1950,0,0,0,0,0,0,0,0,0
Poland,POL,1960,0,0,0,0,0,0,0,0,0
Poland,POL,1970,0,0,0,0,0,0,0,0,0
Poland,POL,1980,0,0,0,0,0,0,0,0,0
Poland,POL,1990,26.8,3.5,0.4,0,0,0,0,6.4,0
Poland,POL,2000,110.8,0,3.8,0,0,0,0,3,0
Poland,POL,2010,70.9,0,1.6,0,0,0,0,2.1,0
Portugal,PRT,1900,0,0,0,0,0,0,3,0,0
Portugal,PRT,1910,0,0,0,0,0,0,0,0,0
Portugal,PRT,1920,0,0,0,0,0,0,0,0,0
Portugal,PRT,1930,0,0,0,0,0,0,0,0,0
Portugal,PRT,1940,0,0,14.7,0,0,0,0,0,0
Portugal,PRT,1950,0,0,0,0,0,0,0,0,0
Portugal,PRT,1960,0,2.5,0,0,0,0,0.2,46.2,0
Portugal,PRT,1970,0,0,1.1,0,0,0,0,2.3,0
Portugal,PRT,1980,0,2.9,0,0,0,0,6.9,4.9,0
Portugal,PRT,1990,0,0,2.9,2.9,0,0,1,1,0
Portugal,PRT,2000,319.9,3.1,0.4,0,0,0,0,0.9,0
Portugal,PRT,2010,0,12.2,0.9,0,0,0,0,4.4,0
Puerto Rico,PRI,1910,0,0,0,0,0,0,11.6,0,0
Puerto Rico,PRI,1920,0,0,30,0,0,0,0,0,0
Puerto Rico,PRI,1930,0,0,22.5,0,0,0,0,0,0
Puerto Rico,PRI,1940,0,0,0,0,0,0,0,0,0
Puerto Rico,PRI,1950,0,0,0,0,0,0,0,0,0
Puerto Rico,PRI,1960,0,0,0,0,0,0,0,0,0
Puerto Rico,PRI,1970,0,0,2.9,0,0,0,0,6,0
Puerto Rico,PRI,1980,0,0,0,12.6,0,0,0,50,0
Puerto Rico,PRI,1990,0,0,2,0,0,0,0,1.8,0
Puerto Rico,PRI,2000,0,0,0.3,0,0,0,0,0.4,0
Puerto Rico,PRI,2010,0,0,6.7,0,0,0,0,0.1,0
Qatar,QAT,2010,0,0,0,0,0,0,0,0,0
Reunion,REU,1940,0,0,16.5,0,0,0,0,0,0
Reunion,REU,1950,0,0,0,0,0,0,0,0,0
Reunion,REU,1960,0,0,0,0,0,0,0,0,0
Reunion,REU,1970,0,0,0,0,0,0,0,0,0
Reunion,REU,1980,0,0,4.5,1,0,0,0,0,0
Reunion,REU,1990,0,0,1.4,0,0,0,0,0,0
Reunion,REU,2000,0,0,0.4,0,0,0,0,0,0
Reunion,REU,2010,0,0,0.1,0,0,0,0,0,0
Romania,ROU,1900,0,0,0,0,0,0,0,0,0
Romania,ROU,1910,0,0,0,0,0,0,0,0,0
Romania,ROU,1920,0,0,0.6,0,0,0,0,100,0
Romania,ROU,1930,0,0,0,0,0,0,0,0,0
Romania,ROU,1940,0,0,0,0,0,0,98,0,0
Romania,ROU,1950,0,0,0,0,0,0,0,0,0
Romania,ROU,1960,0,0,0,0,0,0,0,0,0
Romania,ROU,1970,0,0,0,0,0,0,164.1,27.5,0
Romania,ROU,1980,0,0,0,0,0,0,0,0,0
Romania,ROU,1990,9.6,0,1.5,0,0,0,0.9,19.7,0
Romania,ROU,2000,28.2,0,2.9,0,0,0,0,19.6,0
Romania,ROU,2010,15.3,0,0.9,0,0,0,0,4.7,0
Russia,RUS,1990,56.4,6.7,17.7,31.6,0,0,200.1,20.4,0
Russia,RUS,2000,135.6,0.9,3.4,15.8,0,0,1.8,28,0
Russia,RUS,2010,5599.4,9.3,1.7,0,0,0,0,28.2,0
Rwanda,RWA,1970,0,0,0,0,0,0,0,0,0
Rwanda,RWA,1980,0,0,0,0,0,0,0,4.8,23.7
Rwanda,RWA,1990,0,0,0,0,0,0,0,0,0
Rwanda,RWA,2000,0,0,0,2.4,0,0,8.1,11.1,0
Rwanda,RWA,2010,0,0,0.3,8.9,0,0,0,17.4,0
Saint Barthelemy,,2010,0,0,0.4,0,0,0,0,0,0
"Saint Helena, Ascension and Tristan da Cunha",,2000,0,0,0,0,0,0,0,0,0
Saint Kitts and Nevis,KNA,1920,0,0,0,0,0,0,0,0,0
Saint Kitts and Nevis,KNA,1930,0,0,0,0,0,0,0,0,0
Saint Kitts and Nevis,KNA,1940,0,0,0,0,0,0,0,0,0
Saint Kitts and Nevis,KNA,1950,0,0,0,0,0,0,0,0,0
Saint Kitts and Nevis,KNA,1960,0,0,0,0,0,0,0,0,0
Saint Kitts and Nevis,KNA,1970,0,0,0,0,0,0,0,0,0
Saint Kitts and Nevis,KNA,1980,0,0,0.1,0,0,0,0,0,0
Saint Kitts and Nevis,KNA,1990,0,0,0.5,0,0,0,0,0,0
Saint Kitts and Nevis,KNA,2000,0,0,0,0,0,0,0,0,0
Saint Kitts and Nevis,KNA,2010,0,0,0,0,0,0,0,0,0
Saint Lucia,LCA,1960,0,0,1,0,0,0,0,0,0
Saint Lucia,LCA,1970,0,0,0,0,0,0,0,0,0
Saint Lucia,LCA,1980,0,0,0.9,0,0,0,0,0,0
Saint Lucia,LCA,1990,0,0,0.4,0,0,0,0,0,0
Saint Lucia,LCA,2000,0,0,0.1,0,0,0,0,0,0
Saint Lucia,LCA,2010,0,0,1.4,0,0,0,0,0.6,0
Saint Martin (French Part),,2010,0,0,1.2,0,0,0,0,0,0
Saint Vincent and the Grenadines,VCT,1900,0,0,0,0,0,156.5,0,0,0
Saint Vincent and the Grenadines,VCT,1910,0,0,0,0,0,0,0,0,0
Saint Vincent and the Grenadines,VCT,1920,0,0,0,0,0,0,0,0,0
Saint Vincent and the Grenadines,VCT,1930,0,0,0,0,0,0,0,0,0
Saint Vincent and the Grenadines,VCT,1940,0,0,0,0,0,0,0,0,0
Saint Vincent and the Grenadines,VCT,1950,0,0,12.2,0,0,0,0,0,0
Saint Vincent and the Grenadines,VCT,1960,0,0,0.2,0,0,0,0,0,0
Saint Vincent and the Grenadines,VCT,1970,0,0,0,0,0,0.2,0,0,0
Saint Vincent and the Grenadines,VCT,1980,0,0,0,0,0,0,0,0,0
Saint Vincent and the Grenadines,VCT,1990,0,0,0,0,0,0,0,0.3,0
Saint Vincent and the Grenadines,VCT,2000,0,0,0.4,0,0,0,0,0,0
Saint Vincent and the Grenadines,VCT,2010,0,0,0.1,0,0,0,0,1.2,0
Samoa,WSM,1960,0,0,26,0,0,0,0,0,0
Samoa,WSM,1970,0,0,0,0,0,0,0,0,0
Samoa,WSM,1980,0,0,0,0,0,0,0,0,0
Samoa,WSM,1990,0,0,2.1,0,0,0,0,0,0
Samoa,WSM,2000,0,0,1,0,0,0,14.8,0,0
Samoa,WSM,2010,0,0,1.2,0,0,0,0,0,0
Sao Tome and Principe,STP,1980,0,0,0,0,0,0,0,0,0
Saudi Arabia,SAU,1960,0,0,0,0,0,0,0,2,0
Saudi Arabia,SAU,1970,0,0,0,0,0,0,0,0,0
Saudi Arabia,SAU,1980,0,0,0,0,0,0,0,3.2,0
Saudi Arabia,SAU,1990,0,0,0,0,0,0,0,0,0
Saudi Arabia,SAU,2000,0,0,0,0,0,0,0,26,0
Saudi Arabia,SAU,2010,0,0,0.3,0,0,0,0,16.1,0
Senegal,SEN,1910,0,0,0,0,0,0,0,0,0
Senegal,SEN,1920,0,0,0,0,0,0,0,0,0
Senegal,SEN,1930,0,0,0,0,0,0,0,0,0
Senegal,SEN,1940,0,0,0,0,0,0,0,0,0
Senegal,SEN,1950,0,0,0,0,0,0,0,0,0
Senegal,SEN,1960,0,0,0,0,0,0,0,0,0
Senegal,SEN,1970,0,0,0,0,0,0,0,0,0
Senegal,SEN,1980,0,0,0,0,0,0,0,0,0
Senegal,SEN,1990,0,0,18.7,0,0,0,0,0,0
Senegal,SEN,2000,0,0,0.2,0,0,0,0,5.1,0
Senegal,SEN,2010,0,0,0,0,0,0,0,4,0
Serbia,SRB,2000,0,0,0,0,0,0,0,0,0
Serbia,SRB,2010,3.6,0,0,0,0,0,0.2,5.8,0
Serbia-Montenegro,,1990,0,0,0,0,0,0,0,1.2,0
Serbia-Montenegro,,2000,0.6,0,0,0,0,0,0.1,0.2,0
Seychelles,SYC,1990,0,0,0,0,0,0,0,0.5,0
Seychelles,SYC,2000,0,0,0,0,0,0,0.3,0,0
Seychelles,SYC,2010,0,0,0,0,0,0,0,0,0
Sierra Leone,SLE,1970,0,0,0.1,0,0,0,0,0,0
Sierra Leone,SLE,1980,0,0,6,0,0,0,0,0,0
Sierra Leone,SLE,1990,0,0,1.3,0,0,0,0,1.2,0
Sierra Leone,SLE,2000,0,0,0,0,0,0,0,13.3,0
Sierra Leone,SLE,2010,0,0,0,111.8,0,0,0,3.8,0
Sint Maarten (Dutch part),SXM,2010,0,0,0.4,0,0,0,0,0,0
Slovakia,SVK,1990,0,0,0,0,0,0,0,5.6,0
Slovakia,SVK,2000,0.1,0.6,0.2,0,0,0,0,0.4,0
Slovakia,SVK,2010,12.7,0,0.1,0,0,0,0,0.5,0
Slovenia,SVN,1990,0,0,0,0,0,0,0,0,0
Slovenia,SVN,2000,28.9,0,0.6,0,0,0,0.1,0,0
Slovenia,SVN,2010,0.1,0,0,0,0,0,0,0.3,0
Solomon Islands,SLB,1930,0,0,0,0,0,0,5,0,0
Solomon Islands,SLB,1940,0,0,0,0,0,0,0,0,0
Solomon Islands,SLB,1950,0,0,20,0,0,0,0,0,0
Solomon Islands,SLB,1960,0,0,1.6,0,0,0,0,0,0
Solomon Islands,SLB,1970,0,0,0.2,0,0,0,25.2,0,0
Solomon Islands,SLB,1980,0,0,10.1,0,0,0,0.1,0,0
Solomon Islands,SLB,1990,0,0,0.4,0,0,0,0,0,0
Solomon Islands,SLB,2000,0,0,0,0,0,0,5.2,2.1,0
Solomon Islands,SLB,2010,0,0,0.9,0,0,0,1,4.9,0
Somalia,SOM,1960,0,0,0,0,0,0,0,20,5
Somalia,SOM,1970,0,0,0,0,0,0,0,0,1900
Somalia,SOM,1980,0,0,0,0,0,0,0,3.9,60
Somalia,SOM,1990,0,0,3,0,0,0,0,243.4,2.1
Somalia,SOM,2000,0,0,0,0,0,0,29.8,14,0.2
Somalia,SOM,2010,0,0,22.1,0,0,0,0,8,2000
South Africa,ZAF,1950,0,0,3.5,0,0,0,0,5.1,0
South Africa,ZAF,1960,0,0,0,0,0,0,0.9,0,0
South Africa,ZAF,1970,0,0,0,0,0,0,0,5.6,0
South Africa,ZAF,1980,0,0,7.4,0,0,0,0,63.5,0
South Africa,ZAF,1990,3,3.4,5.5,3.4,0,0,2.5,28,0
South Africa,ZAF,2000,2.2,9.4,6.2,0,0,0,0.2,15.2,0
South Africa,ZAF,2010,1.1,0.9,7.3,0,0,0,0.1,19.9,0
South America,,1900,0,0,0,0,0,0,2040,0,0
South America,,1910,0,0,0,0,0,0,18.4,0,0
South America,,1920,0,0,0,10,0,0,196,0,0
South America,,1930,0,0,0,19,0,0,3005.5,0,0
South America,,1940,0,0,10,500,0,110,1829.7,20,0
South America,,1950,0,0,5.9,38.3,0,0,55.7,87.7,0
South America,,1960,11.3,0,15.4,101,200,0.4,711.6,284.8,0
South America,,1970,22.6,0,21,255.5,0,0.1,6780.2,216.7,0
South America,,1980,9.4,0,30.3,276.8,16,2180,552.3,397.4,2
South America,,1990,2.7,3.8,68.3,188.2,7.5,1.6,204.7,3158.1,1.2
South America,,2000,85.6,1.6,22.8,79.1,7.2,2.1,78.7,308.7,0.4
South America,,2010,132,7.9,8.5,101.9,0,0,128.4,389.1,0.8
South Korea,KOR,1930,0,0,110.4,0,0,0,0,0,0
South Korea,KOR,1940,0,0,0,0,0,0,0,0,0
South Korea,KOR,1950,0,0,67,10.3,0,0,0,30.9,0
South Korea,KOR,1960,0,0,31.3,11.6,0,0,0,136.5,0
South Korea,KOR,1970,0,0,26.3,2.5,0,0,0,111.7,0
South Korea,KOR,1980,0,0,116.4,7.2,0,0,0,21.6,0
South Korea,KOR,1990,4,0,33.6,3,0,0,0,75.3,0
South Korea,KOR,2000,0,0.2,42.3,0,0,0,0,19.8,0
South Korea,KOR,2010,0.6,0.1,8.7,5.9,0,0,0,7.9,0
South Sudan,SSD,2000,0,0,0,0,0,0,0,1.7,0
South Sudan,SSD,2010,0,5,0,0,0,0,0,14.9,0
Soviet Union,,1900,0,0,0,0,0,0,456.2,0,0
Soviet Union,,1910,0,0,0,0,0,0,0,0,0
Soviet Union,,1920,0,0,2.3,0,0,0,0,0,120000
Soviet Union,,1930,0,0,0,0,0,0,0,0,0
Soviet Union,,1940,0,0,0,1200,0,0,11390,0,0
Soviet Union,,1950,0,0,0,0,0,0,0,0,0
Soviet Union,,1960,0,0,0,14.5,0,0,1,0,0
Soviet Union,,1970,0,0,0,1.3,0,0,0,0,0
Soviet Union,,1980,0,0,40,12.4,5.2,0,2530.6,12.7,0
Soviet Union,,1990,0,0,4.1,4.3,5,0,27.9,2.1,0
Spain,ESP,1940,0,0,2,0,0,0,0,0,0
Spain,ESP,1950,0,0,2.6,0,0,0,1.1,12.7,0
Spain,ESP,1960,0,0,0,0,0,0,0,44.5,0
Spain,ESP,1970,40,0,1.9,0,0,0,0,52.2,0
Spain,ESP,1980,4,1.7,4.2,0,0,0,0,13.9,0
Spain,ESP,1990,3,2,4.8,8.4,0,0,0,1.6,0
Spain,ESP,2000,1515.9,2.9,5.8,0,0,0,0,5.8,0
Spain,ESP,2010,1.1,0.8,1.6,0,0,0,1,5.6,0
Sri Lanka,LKA,1950,0,0,20,0,0,0,0,0,0
Sri Lanka,LKA,1960,0,0,20.6,0,0,0,0,10.9,0
Sri Lanka,LKA,1970,0,0,74,5.4,0,0,0,1,0
Sri Lanka,LKA,1980,0,0,0,0,0,0,0,48.3,0
Sri Lanka,LKA,1990,0,0,0,6.5,0,0,0,10.5,0
Sri Lanka,LKA,2000,0,0,1.4,0,0,0,3539.9,36.3,0
Sri Lanka,LKA,2010,0,0,5.6,24.1,0,0,0,93.7,0
Sudan,SDN,1970,0,0,0,0,0,0,0,3.4,0
Sudan,SDN,1980,0,0,0,0,0,0,0,9.6,15000
Sudan,SDN,1990,0,4.7,0,0,0,0,0.3,33,0
Sudan,SDN,2000,0,0,3.3,0,0,0,0,22.5,0
Sudan,SDN,2010,1.6,0,2,0,0,0,0,52.6,0
Suriname,SUR,1960,0,0,0,0,0,0,0,0,0
Suriname,SUR,1970,0,0,0,0,0,0,0,0,0
Suriname,SUR,1980,0,0,0,0,0,0,0,0,0
Suriname,SUR,1990,0,0,0,0,0,0,0,0,0
Suriname,SUR,2000,0,0,0,0,0,0,0,0.5,0
Sweden,SWE,1970,0,0,0,1.3,0,0,0,0,0
Sweden,SWE,1980,0,0,0,0,0,0,0,1.1,0
Sweden,SWE,1990,0,0,0.3,0,0,0,0,0,0
Sweden,SWE,2000,0,0,0.8,0,0,0,0,0,0
Sweden,SWE,2010,0,0,0.7,0,0,0,0,0,0
Switzerland,CHE,1950,0,0,0,9.2,0,0,0,0,0
Switzerland,CHE,1960,0,0,0,11,0,0,0,0,0
Switzerland,CHE,1970,0,0,0,4.3,0,0,0,0,0
Switzerland,CHE,1980,0,0,0.1,0,0,0,0,0,0
Switzerland,CHE,1990,0,0,1.9,3,0,0,0,0.3,0
Switzerland,CHE,2000,103.9,0,0.2,2,0,0,0,0.7,0
Switzerland,CHE,2010,1.1,0,0.6,0,0.8,0,0,0,0
Syria,SYR,1960,0,0,0,0,0,0,0,0,0
Syria,SYR,1970,0,0,0,0,0,0,0,0,0
Syria,SYR,1980,0,0,0,0,0,0,0,0,0
Syria,SYR,1990,0,0,0,0,0,0,0,0,0
Syria,SYR,2000,0,0,3.2,8,0,0,0,0.6,0
Syria,SYR,2010,0,0,1.3,0,0,0,0,0.2,0
Taiwan,TWN,1900,0,0,0,0,0,0,143,0,0
Taiwan,TWN,1910,0,0,100,0,0,0,29.5,0,0
Taiwan,TWN,1920,0,0,100,0,0,0,0.5,0,0
Taiwan,TWN,1930,0,0,0,0,0,0,603.6,0,0
Taiwan,TWN,1940,0,0,0,0,0,0,37.7,0,0
Taiwan,TWN,1950,0,0,124.4,0,0,0,10.1,0,0
Taiwan,TWN,1960,0,0,84.1,0,0,0,12.2,0,0
Taiwan,TWN,1970,0,0,6.1,0,0,0,0,4.5,0
Taiwan,TWN,1980,0,0,24.7,1.4,0,0,1.3,3.1,0
Taiwan,TWN,1990,0,0,21.3,0,0,0,226.5,1.3,0
Taiwan,TWN,2000,0,0,111,0,0,0,0.6,1.9,0
Taiwan,TWN,2010,8.5,0,8.2,0,0,0,20.6,1.1,0
Tajikistan,TJK,1910,0,0,0,0,0,0,9,0,0
Tajikistan,TJK,1920,0,0,0,0,0,0,0,0,0
Tajikistan,TJK,1930,0,0,0,0,0,0,17.5,0,0
Tajikistan,TJK,1940,0,0,0,0,0,0,0,0,0
Tajikistan,TJK,1950,0,0,0,0,0,0,0,0,0
Tajikistan,TJK,1960,0,0,0,0,0,0,0,0,0
Tajikistan,TJK,1970,0,0,0,0,0,0,0,0,0
Tajikistan,TJK,1980,0,0,0,0,0,0,0,0,0
Tajikistan,TJK,1990,0,0,0,29.9,1.2,0,0,142.4,0
Tajikistan,TJK,2000,0,0,0,5.6,0,0,1.7,8.9,0
Tajikistan,TJK,2010,0.1,0,0,2.3,0,0,0.4,10.9,0
Tanzania,TZA,1960,0,0,0,0,0,0,0.4,4,0
Tanzania,TZA,1970,0,0,0,0,0,0,0,2.5,0
Tanzania,TZA,1980,0,0,0,0,0,0,0,1,0
Tanzania,TZA,1990,0,0,0.4,0,0,0,0,42.1,0
Tanzania,TZA,2000,0,0,0,1.3,0,0,1.5,16.2,0
Tanzania,TZA,2010,0,0,4.7,0,0,0,1.7,17.5,0
Thailand,THA,1960,0,0,76.9,0,0,0,0,0.6,0
Thailand,THA,1970,0,0,5,0,0,0,0,33.5,0
Thailand,THA,1980,0,0,51.3,0,0,0,0,87.2,0
Thailand,THA,1990,0,0,33.7,0.9,0,0,0,51.8,0
Thailand,THA,2000,0,0,2.7,3.8,0,0,834.5,96.8,0
Thailand,THA,2010,7.7,0,2.8,0,0,0,0.2,143.8,0
Timor,TLS,2000,0,0,0,0,0,0,0,0.5,0
Timor,TLS,2010,0,0,0,0,0,0,0,0,0
Togo,TGO,1960,0,0,0,0,0,0,0,0,0
Togo,TGO,1970,0,0,0,0,0,0,0,0,0
Togo,TGO,1980,0,0,0,0,0,0,0,0,0
Togo,TGO,1990,0,0,0,0,0,0,0,0.3,0
Togo,TGO,2000,0,0,0,0,0,0,0,4.7,0
Togo,TGO,2010,0,0,0,0,0,0,0,2.2,0
Tonga,TON,1940,0,0,0,0,0,0,0,0,0
Tonga,TON,1950,0,0,0,0,0,0,0,0,0
Tonga,TON,1960,0,0,0.2,0,0,0,0,0,0
Tonga,TON,1970,0,0,0.3,0,0,0,0.1,0,0
Tonga,TON,1980,0,0,0.7,0,0,0,0,0,0
Tonga,TON,1990,0,0,0.1,0,0,0,0,0,0
Tonga,TON,2000,0,0,0,0,0,0,0.9,0,0
Tonga,TON,2010,0,0,0.1,0,0,0,0,0,0
Trinidad and Tobago,TTO,1930,0,0,1.3,0,0,0,0,0,0
Trinidad and Tobago,TTO,1940,0,0,0,0,0,0,0,0,0
Trinidad and Tobago,TTO,1950,0,0,0,0,0,0,0,0,0
Trinidad and Tobago,TTO,1960,0,0,2.4,0,0,0,0,0,0
Trinidad and Tobago,TTO,1970,0,0,0.2,0,0,0,0,0,0
Trinidad and Tobago,TTO,1980,0,0,0,0,0,0,0,0,0
Trinidad and Tobago,TTO,1990,0,0,0,0,0,0,0,0.5,0
Trinidad and Tobago,TTO,2000,0,0,0.1,0.2,0,0,0,0,0
Trinidad and Tobago,TTO,2010,0,0,0,0,0,0,0,0,0
Tunisia,TUN,1950,0,0,0,0,0,0,1.3,0,0
Tunisia,TUN,1960,0,0,0,0,0,0,0,62.9,0
Tunisia,TUN,1970,0,0,0,0,0,0,0,11.1,0
Tunisia,TUN,1980,0,0,0,0,0,0,0,14,0
Tunisia,TUN,1990,0,0,0,0,0,0,0,3.7,0
Tunisia,TUN,2000,0,0,0,0,0,0,0,4.5,0
Tunisia,TUN,2010,0,0,0,0,0,0,0,1.3,0
Turkey,TUR,1900,0,0,0,0,0,0,640,0,0
Turkey,TUR,1910,0,0,0,0,0,0,492.3,0,0
Turkey,TUR,1920,0,0,0,0,0,0,36.3,0,0
Turkey,TUR,1930,0,0,0,0,0,0,3384.4,0,0
Turkey,TUR,1940,0,0,0,0,0,0,1445,33.2,0
Turkey,TUR,1950,0,0,0,0,0,0,158.1,23.7,0
Turkey,TUR,1960,0,0,0,0,0,0,281,14.7,0
Turkey,TUR,1970,0,0,3,6.7,0,0,828.2,3.3,0
Turkey,TUR,1980,3,1.3,0,10.4,0,0,136.7,9.8,0
Turkey,TUR,1990,0,0,3.1,20.9,26.1,0,1887.6,26.6,0
Turkey,TUR,2000,7,0.2,3.7,3.9,0,0,25.2,20.8,0
Turkey,TUR,2010,0,0,0,4.4,0,0,69.9,5.6,0
Turkmenistan,TKM,1990,0,0,0,0,0,0,0,0,0
Turkmenistan,TKM,2000,0,0,0,0,0,0,1.1,0,0
Turks and Caicos Islands,TCA,1980,0,0,0,0,0,0,0,0,0
Turks and Caicos Islands,TCA,1990,0,0,0,0,0,0,0,0,0
Turks and Caicos Islands,TCA,2000,0,0,0.4,0,0,0,0,0,0
Turks and Caicos Islands,TCA,2010,0,0,0,0,0,0,0,0,0
Tuvalu,TUV,1970,0,0,0.6,0,0,0,0,0,0
Tuvalu,TUV,1980,0,0,0,0,0,0,0,0,0
Tuvalu,TUV,1990,0,0,0,0,0,0,0,0,0
Tuvalu,TUV,2000,0,0,0,0,0,0,0,0,0
Tuvalu,TUV,2010,0,0,0,0,0,0,0,0,0
Uganda,UGA,1960,0,0,0,0,0,0,10.4,0,0
Uganda,UGA,1970,0,0,0,0,0,0,0,0,0
Uganda,UGA,1980,0,0,0,0,0,0,0,0,0
Uganda,UGA,1990,0,0,0,2,0,0,0.7,10,11.5
Uganda,UGA,2000,0,0,0,1.1,0,0,0,12.8,7.9
Uganda,UGA,2010,0,0,2.3,56,0,0,0.4,18.4,0
Ukraine,UKR,1990,0,0,1.1,0,0,0,0,2.7,0
Ukraine,UKR,2000,83.3,0,1,0,0,0,0,4.9,0
Ukraine,UKR,2010,26.9,0,0,0,0,0,0,1.1,0
United Arab Emirates,ARE,2010,0,0,0,0,0,0,0,0,0
United Kingdom,GBR,1950,0,0,0,0,0,0,0,3.4,0
United Kingdom,GBR,1960,0,0,2,14,0,0,0,0,0
United Kingdom,GBR,1970,0,0,0,0,0,0,0,0.6,0
United Kingdom,GBR,1980,0,0,7.2,0,0,0,0,0,0
United Kingdom,GBR,1990,1.4,0,19.1,0,0,0,0,1.7,0
United Kingdom,GBR,2000,30.5,0,5.5,0,0,0,0,2.6,0
United Kingdom,GBR,2010,76.5,0,1.9,0,0,0,0,1.1,0
United States,USA,1900,0,0,678.7,0,0,0,70,32.2,0
United States,USA,1910,0,100,182.1,0,0,0,0.6,0,0
United States,USA,1920,0,0,315.4,0,0,0,2.6,24.6,0
United States,USA,1930,119.3,0,187.5,20,0,0,11.6,33.7,0
United States,USA,1940,0,12.1,110.6,0,0,0,18.2,5.5,0
United States,USA,1950,17.6,1.1,251.8,0,0,0,4.2,14.8,0
United States,USA,1960,41.2,0,277.5,0,0,0,19.9,22.4,0
United States,USA,1970,3.2,0,144.7,40,0,0,6.5,59.9,0
United States,USA,1980,166,0,184.4,0,0,9,7.7,14,0
United States,USA,1990,115.6,4.8,184.9,0,0,0,6.5,38.2,0
United States,USA,2000,38.7,5.5,331.6,1.5,0,0,0.3,29.9,0
United States,USA,2010,18.5,21.5,232.1,6.4,0,0,0.1,27.1,0
United States Virgin Islands,VIR,1980,0,0,0,0,0,0,0,0,0
United States Virgin Islands,VIR,1990,0,0,1,0,0,0,0,0,0
United States Virgin Islands,VIR,2000,0,0,0,0,0,0,0,0,0
United States Virgin Islands,VIR,2010,0,0,0.7,0,0,0,0,0,0
Upper middle income,,1900,0,0,6.5,5.3,0,856.5,3035.7,30,0
Upper middle income,,1910,0,0,5019.9,0,0,500,3947.2,10000,0
Upper middle income,,1920,0,6,10560.4,10,0,0,24071.5,0,350000
Upper middle income,,1930,0,0,824.5,69,4,266.9,6167.4,436016.4,0
Upper middle income,,1940,0,0,195.2,500,0,200,3578.7,9798.7,0
Upper middle income,,1950,15.8,0,630.3,88.8,0,133.7,968.6,204803.7,0
Upper middle income,,1960,20.3,0,535.4,101.3,200,288,3075.7,313.8,800
Upper middle income,,1970,22.6,0,453.2,265.8,0,30.2,40761.4,2335.6,6.3
Upper middle income,,1980,21.7,20.4,529.4,376.7,58.8,2212.9,2154.6,2330.8,201.4
Upper middle income,,1990,169.7,52.8,909.1,382.6,55.3,16.3,6988.4,5416.3,268.4
Upper middle income,,2000,270.8,13.3,571,329,16.3,2.3,30050.9,1515.7,17.9
Upper middle income,,2010,5757.4,22,282.2,475.7,4.6,127.9,1256.8,1400.6,1.9
Uruguay,URY,1960,0,0,0,0,0,0,0,0.8,0
Uruguay,URY,1970,0,0,0,0,0,0,0,0,0
Uruguay,URY,1980,0,0,0,0,0,0,0,0,0
Uruguay,URY,1990,0,0,0.2,0,0,0,0,0.1,0
Uruguay,URY,2000,0.7,0,0.9,0,0,0,0,0.3,0
Uruguay,URY,2010,0.4,0,0,0,0,0,0,1,0
Uzbekistan,UZB,1990,0,0,0,2.4,0.1,0,0.9,0,0
Uzbekistan,UZB,2000,0,0,0,0,0,0,0,0,0
Uzbekistan,UZB,2010,0,0,0,0,0,0,1.3,0,0
Vanuatu,VUT,1940,0,0,0,0,0,0,0,0,0
Vanuatu,VUT,1950,0,0,10,0,0,0,0,0,0
Vanuatu,VUT,1960,0,0,0,0,0,0,0,0,0
Vanuatu,VUT,1970,0,0,0.4,0,0,0,0,0,0
Vanuatu,VUT,1980,0,0,5.7,0.1,0,0,0,0,0
Vanuatu,VUT,1990,0,0,3.8,0,0,0,1.2,0,0
Vanuatu,VUT,2000,0,0,0.4,0,0,0,0,0,0
Vanuatu,VUT,2010,0,0,2.3,0,0,0,0,0,0
Venezuela,VEN,1950,0,0,0,0,0,0,10,0,0
Venezuela,VEN,1960,0,0,0,3,0,0,24,0,0
Venezuela,VEN,1970,0,0,0,0,0,0,0,0,0
Venezuela,VEN,1980,0,0,1.1,11.6,0,0,0.3,14.4,0
Venezuela,VEN,1990,0,0,10,1.8,0,0,8,3003.4,0
Venezuela,VEN,2000,0,0,0.5,0,0,0,0,16,0
Venezuela,VEN,2010,0,0,0.8,0,0,0,0,6.6,0
Vietnam,VNM,1950,0,0,105.6,0,0,0,0,0,0
Vietnam,VNM,1960,0,0,700,0,0,0,0,43.1,0
Vietnam,VNM,1970,0,0,21.2,0,0,0,0,31.1,0
Vietnam,VNM,1980,0,0,373.9,0,0,0,0,38.5,0
Vietnam,VNM,1990,0,0,554.1,22.1,0,0,0,201.6,0
Vietnam,VNM,2000,0,0,131.9,10.9,0,0,0,200,0
Vietnam,VNM,2010,0,0,50.8,0,0,0,0,86.7,0
Wallis and Futuna,WLF,1960,0,0,0,0,0,0,0,0,0
Wallis and Futuna,WLF,1970,0,0,0,0,0,0,0,0,0
Wallis and Futuna,WLF,1980,0,0,0.1,0,0,0,0,0,0
Wallis and Futuna,WLF,1990,0,0,0,0,0,0,0.5,0,0
Wallis and Futuna,WLF,2000,0,0,0,0,0,0,0,0,0
Wallis and Futuna,WLF,2010,0,0,0,0,0,0,0,0,0
World,OWID_WRL,1900,0,0,1801.4,5.3,12.7,3943.7,15314.8,62.8,126100
World,OWID_WRL,1910,0,107.3,5994.8,11.8,0,647.5,7031.1,10137.9,8500
World,OWID_WRL,1920,0,10.3,11998.8,42.8,0,14.4,38998.6,428.2,472400
World,OWID_WRL,1930,169.3,7.1,9383.5,103.3,4,317.5,16666.4,436146.5,0
World,OWID_WRL,1940,0,25,12726,1752.5,0,212.6,16772.8,10103.2,345000
World,OWID_WRL,1950,149.6,1.1,3125.7,215,0.3,510,2174.8,206169.8,0
World,OWID_WRL,1960,112.7,9.9,13358.2,506.8,215,324.2,5211.9,3239.4,151065
World,OWID_WRL,1970,155.3,0.5,35720.3,742.2,3.1,52.6,43188.1,7066.1,11908.1
World,OWID_WRL,1980,533.5,39.6,4606.7,624.9,124.8,2400.2,5837.2,5100.2,55726.8
World,OWID_WRL,1990,932.3,85.9,21114.8,852.9,66.3,97.4,10347.8,9548.2,313.4
World,OWID_WRL,2000,9167.9,62.9,17213,771.7,28.2,23.7,45363.5,5394.6,112.6
World,OWID_WRL,2010,7424.4,88.1,2763.2,1010.9,10,136.3,26748,5067.3,2012
Yemen,YEM,1990,0,0,0,0,0,0,1,44.6,0
Yemen,YEM,2000,0,0,3,7.6,0,0.6,0,33.6,0
Yemen,YEM,2010,0,0,7.5,2,0,0,0,15.8,0
Yugoslavia,OWID_YGS,1940,0,0,0,0,0,0,1.9,0,0
Yugoslavia,OWID_YGS,1950,0,0,0,0,0,0,0,0,0
Yugoslavia,OWID_YGS,1960,0,0,0,0,0,0,109.3,0.3,0
Yugoslavia,OWID_YGS,1970,0,0,0,0,0,0,12.1,2.2,0
Yugoslavia,OWID_YGS,1980,3.8,0,0,0,0,0,1.2,7,0
Yugoslavia,OWID_YGS,1990,0,0,0,0,0,0,0,0,0
Zambia,ZMB,1970,0,0,0,0,0,0,0,1.1,0
Zambia,ZMB,1980,0,0,0,0,0,0,0,0,0
Zambia,ZMB,1990,0,0,0,0,0,0,0,0,0
Zambia,ZMB,2000,0,0,0,0,0,0,0,6,0
Zambia,ZMB,2010,0,0,0,0.9,0,0,0,0.4,0
Zimbabwe,ZWE,1970,0,0,1.1,0,0,0,0,0,0
Zimbabwe,ZWE,1980,0,0,0,0,0,0,0,0,0
Zimbabwe,ZWE,1990,0,0,0,0,0,0,0,3.6,0
Zimbabwe,ZWE,2000,0,0,0.8,0,0,0,0,11.2,0
Zimbabwe,ZWE,2010,0,0,92,0,0,0,0,16.5,0